village_id,provider,state,district,block,village,lgd_code,latitude,longitude,coordinate_source,tower_count,nearest_tower_km,strongest_signal_dbm,village_ookla_download_mbps,village_ookla_upload_mbps,village_ookla_tests,village_ookla_distance_km,provider_ookla_download_mbps,provider_ookla_upload_mbps,provider_ookla_tests,coverage_score,assessment_note
40,Airtel,Odisha,Koraput,Koraput,Amalabadi,429991,18.76812054271863,82.93884457234762,lgd_master,24.0,1.2953796718844859,,10.476,0.706,1.0,0.40416576678571525,,,,Strong,nearest tower 1.30 km; 24 tower(s) within radius; village Ookla 10.5 Mbps; nearest Ookla tile 0.40 km
40,BSNL,Odisha,Koraput,Koraput,Amalabadi,429991,18.76812054271863,82.93884457234762,lgd_master,52.0,1.2953796718844859,,10.476,0.706,1.0,0.40416576678571525,,,,Strong,nearest tower 1.30 km; 52 tower(s) within radius; village Ookla 10.5 Mbps; nearest Ookla tile 0.40 km
40,Jio,Odisha,Koraput,Koraput,Amalabadi,429991,18.76812054271863,82.93884457234762,lgd_master,42.0,1.9979879444567616,,10.476,0.706,1.0,0.40416576678571525,,,,Strong,nearest tower 2.00 km; 42 tower(s) within radius; village Ookla 10.5 Mbps; nearest Ookla tile 0.40 km
40,Vodafone Idea,Odisha,Koraput,Koraput,Amalabadi,429991,18.76812054271863,82.93884457234762,lgd_master,4.0,1.9979879444567616,,10.476,0.706,1.0,0.40416576678571525,,,,Strong,nearest tower 2.00 km; 4 tower(s) within radius; village Ookla 10.5 Mbps; nearest Ookla tile 0.40 km
41,Airtel,Odisha,Koraput,Koraput,Ambagaon,429982,18.78536043106943,82.92815772117423,lgd_master,26.0,1.905604179305982,,206.586,3.146,1.0,1.3683890623110797,,,,Strong,nearest tower 1.91 km; 26 tower(s) within radius; village Ookla 206.6 Mbps; nearest Ookla tile 1.37 km
41,BSNL,Odisha,Koraput,Koraput,Ambagaon,429982,18.78536043106943,82.92815772117423,lgd_master,52.0,1.905604179305982,,206.586,3.146,1.0,1.3683890623110797,,,,Strong,nearest tower 1.91 km; 52 tower(s) within radius; village Ookla 206.6 Mbps; nearest Ookla tile 1.37 km
41,Jio,Odisha,Koraput,Koraput,Ambagaon,429982,18.78536043106943,82.92815772117423,lgd_master,42.0,1.905604179305982,,206.586,3.146,1.0,1.3683890623110797,,,,Strong,nearest tower 1.91 km; 42 tower(s) within radius; village Ookla 206.6 Mbps; nearest Ookla tile 1.37 km
41,Vodafone Idea,Odisha,Koraput,Koraput,Ambagaon,429982,18.78536043106943,82.92815772117423,lgd_master,4.0,1.905604179305982,,206.586,3.146,1.0,1.3683890623110797,,,,Strong,nearest tower 1.91 km; 4 tower(s) within radius; village Ookla 206.6 Mbps; nearest Ookla tile 1.37 km
42,Airtel,Odisha,Koraput,Koraput,Ariputraghati,429983,18.78974516741233,82.94933205731252,lgd_master,23.0,1.5980811306040412,,113.212,12.785,4.0,2.047368315881313,,,,Strong,nearest tower 1.60 km; 23 tower(s) within radius; village Ookla 113.2 Mbps; nearest Ookla tile 2.05 km
42,BSNL,Odisha,Koraput,Koraput,Ariputraghati,429983,18.78974516741233,82.94933205731252,lgd_master,51.0,3.7872692902860803,,113.212,12.785,4.0,2.047368315881313,,,,Moderate,nearest tower 3.79 km; 51 tower(s) within radius; village Ookla 113.2 Mbps; nearest Ookla tile 2.05 km
42,Jio,Odisha,Koraput,Koraput,Ariputraghati,429983,18.78974516741233,82.94933205731252,lgd_master,42.0,3.7872692902860803,,113.212,12.785,4.0,2.047368315881313,,,,Moderate,nearest tower 3.79 km; 42 tower(s) within radius; village Ookla 113.2 Mbps; nearest Ookla tile 2.05 km
42,Vodafone Idea,Odisha,Koraput,Koraput,Ariputraghati,429983,18.78974516741233,82.94933205731252,lgd_master,4.0,3.7872692902860803,,113.212,12.785,4.0,2.047368315881313,,,,Moderate,nearest tower 3.79 km; 4 tower(s) within radius; village Ookla 113.2 Mbps; nearest Ookla tile 2.05 km
49,Airtel,Odisha,Koraput,Koraput,Badamput,428962,18.84754320478358,82.72160369572794,lgd_master,54.0,3.8051895699053246,,217.191,30.014,5.0,2.4251604611235713,,,,Moderate,nearest tower 3.81 km; 54 tower(s) within radius; village Ookla 217.2 Mbps; nearest Ookla tile 2.43 km
49,BSNL,Odisha,Koraput,Koraput,Badamput,428962,18.84754320478358,82.72160369572794,lgd_master,48.0,3.053461147404727,,217.191,30.014,5.0,2.4251604611235713,,,,Moderate,nearest tower 3.05 km; 48 tower(s) within radius; village Ookla 217.2 Mbps; nearest Ookla tile 2.43 km
49,Jio,Odisha,Koraput,Koraput,Badamput,428962,18.84754320478358,82.72160369572794,lgd_master,7.0,4.331908393631438,,217.191,30.014,5.0,2.4251604611235713,,,,Moderate,nearest tower 4.33 km; 7 tower(s) within radius; village Ookla 217.2 Mbps; nearest Ookla tile 2.43 km
49,Vodafone Idea,Odisha,Koraput,Koraput,Badamput,428962,18.84754320478358,82.72160369572794,lgd_master,,,,217.191,30.014,5.0,2.4251604611235713,,,,Moderate,village Ookla 217.2 Mbps; nearest Ookla tile 2.43 km
24,Airtel,Odisha,Koraput,Koraput,Bagra,428891,18.91957837965839,82.68682915481472,lgd_master,,,,,,,,,,,Unknown,No tower or Ookla evidence available.
24,BSNL,Odisha,Koraput,Koraput,Bagra,428891,18.91957837965839,82.68682915481472,lgd_master,1.0,7.735131716960507,,,,,,,,,Weak,nearest tower 7.74 km; 1 tower(s) within radius
24,Jio,Odisha,Koraput,Koraput,Bagra,428891,18.91957837965839,82.68682915481472,lgd_master,,,,,,,,,,,Unknown,No tower or Ookla evidence available.
24,Vodafone Idea,Odisha,Koraput,Koraput,Bagra,428891,18.91957837965839,82.68682915481472,lgd_master,,,,,,,,,,,Unknown,No tower or Ookla evidence available.
91,Airtel,Odisha,Koraput,Koraput,Barangaput,959635,18.77827357776655,82.90776096401284,lgd_master,37.0,1.5825096625918285,,206.586,3.146,1.0,0.6744664358580733,,,,Strong,nearest tower 1.58 km; 37 tower(s) within radius; village Ookla 206.6 Mbps; nearest Ookla tile 0.67 km
91,BSNL,Odisha,Koraput,Koraput,Barangaput,959635,18.77827357776655,82.90776096401284,lgd_master,72.0,1.5825096625918285,,206.586,3.146,1.0,0.6744664358580733,,,,Strong,nearest tower 1.58 km; 72 tower(s) within radius; village Ookla 206.6 Mbps; nearest Ookla tile 0.67 km
91,Jio,Odisha,Koraput,Koraput,Barangaput,959635,18.77827357776655,82.90776096401284,lgd_master,45.0,1.5825096625918285,,206.586,3.146,1.0,0.6744664358580733,,,,Strong,nearest tower 1.58 km; 45 tower(s) within radius; village Ookla 206.6 Mbps; nearest Ookla tile 0.67 km
91,Vodafone Idea,Odisha,Koraput,Koraput,Barangaput,959635,18.77827357776655,82.90776096401284,lgd_master,8.0,1.5825096625918285,,206.586,3.146,1.0,0.6744664358580733,,,,Strong,nearest tower 1.58 km; 8 tower(s) within radius; village Ookla 206.6 Mbps; nearest Ookla tile 0.67 km
68,Airtel,Odisha,Koraput,Koraput,Basuput,428957,18.84478712679008,82.76688677741701,lgd_master,49.0,6.26501916404329,,,,,,,,,Weak,nearest tower 6.27 km; 49 tower(s) within radius
68,BSNL,Odisha,Koraput,Koraput,Basuput,428957,18.84478712679008,82.76688677741701,lgd_master,53.0,1.4801613925136654,,,,,,,,,Strong,nearest tower 1.48 km; 53 tower(s) within radius
68,Jio,Odisha,Koraput,Koraput,Basuput,428957,18.84478712679008,82.76688677741701,lgd_master,7.0,7.125939381635562,,,,,,,,,Weak,nearest tower 7.13 km; 7 tower(s) within radius
68,Vodafone Idea,Odisha,Koraput,Koraput,Basuput,428957,18.84478712679008,82.76688677741701,lgd_master,,,,,,,,,,,Unknown,No tower or Ookla evidence available.
50,Airtel,Odisha,Koraput,Koraput,Belaput,428921,18.86967970555792,82.71188589279755,lgd_master,41.0,5.639921454795147,,213.281,38.197,2.0,2.514871123217889,,,,Weak,nearest tower 5.64 km; 41 tower(s) within radius; village Ookla 213.3 Mbps; nearest Ookla tile 2.51 km
50,BSNL,Odisha,Koraput,Koraput,Belaput,428921,18.86967970555792,82.71188589279755,lgd_master,44.0,4.004439326887441,,213.281,38.197,2.0,2.514871123217889,,,,Moderate,nearest tower 4.00 km; 44 tower(s) within radius; village Ookla 213.3 Mbps; nearest Ookla tile 2.51 km
50,Jio,Odisha,Koraput,Koraput,Belaput,428921,18.86967970555792,82.71188589279755,lgd_master,6.0,6.60895723402604,,213.281,38.197,2.0,2.514871123217889,,,,Weak,nearest tower 6.61 km; 6 tower(s) within radius; village Ookla 213.3 Mbps; nearest Ookla tile 2.51 km
50,Vodafone Idea,Odisha,Koraput,Koraput,Belaput,428921,18.86967970555792,82.71188589279755,lgd_master,,,,213.281,38.197,2.0,2.514871123217889,,,,Moderate,village Ookla 213.3 Mbps; nearest Ookla tile 2.51 km
43,Airtel,Odisha,Koraput,Koraput,Bhejaput,429985,18.8106225943036,82.9723623499046,lgd_master,23.0,1.7554414023557379,,18.581,12.482,1.0,0.9193414336598776,,,,Strong,nearest tower 1.76 km; 23 tower(s) within radius; village Ookla 18.6 Mbps; nearest Ookla tile 0.92 km
43,BSNL,Odisha,Koraput,Koraput,Bhejaput,429985,18.8106225943036,82.9723623499046,lgd_master,49.0,7.120628657725243,,18.581,12.482,1.0,0.9193414336598776,,,,Weak,nearest tower 7.12 km; 49 tower(s) within radius; village Ookla 18.6 Mbps; nearest Ookla tile 0.92 km
43,Jio,Odisha,Koraput,Koraput,Bhejaput,429985,18.8106225943036,82.9723623499046,lgd_master,31.0,7.120628657725243,,18.581,12.482,1.0,0.9193414336598776,,,,Weak,nearest tower 7.12 km; 31 tower(s) within radius; village Ookla 18.6 Mbps; nearest Ookla tile 0.92 km
43,Vodafone Idea,Odisha,Koraput,Koraput,Bhejaput,429985,18.8106225943036,82.9723623499046,lgd_master,4.0,7.120628657725243,,18.581,12.482,1.0,0.9193414336598776,,,,Weak,nearest tower 7.12 km; 4 tower(s) within radius; village Ookla 18.6 Mbps; nearest Ookla tile 0.92 km
1,Airtel,Odisha,Koraput,Koraput,Bhoiguda,428991,18.73744910060446,82.72853464907362,lgd_master,55.0,3.3696434658801264,,277.166,16.819,6.0,4.417338886746265,,,,Moderate,nearest tower 3.37 km; 55 tower(s) within radius; village Ookla 277.2 Mbps; nearest Ookla tile 4.42 km
1,BSNL,Odisha,Koraput,Koraput,Bhoiguda,428991,18.73744910060446,82.72853464907362,lgd_master,67.0,2.773556597745565,,277.166,16.819,6.0,4.417338886746265,,,,Moderate,nearest tower 2.77 km; 67 tower(s) within radius; village Ookla 277.2 Mbps; nearest Ookla tile 4.42 km
1,Jio,Odisha,Koraput,Koraput,Bhoiguda,428991,18.73744910060446,82.72853464907362,lgd_master,8.0,4.86266911908264,,277.166,16.819,6.0,4.417338886746265,,,,Moderate,nearest tower 4.86 km; 8 tower(s) within radius; village Ookla 277.2 Mbps; nearest Ookla tile 4.42 km
1,Vodafone Idea,Odisha,Koraput,Koraput,Bhoiguda,428991,18.73744910060446,82.72853464907362,lgd_master,,,,277.166,16.819,6.0,4.417338886746265,,,,Moderate,village Ookla 277.2 Mbps; nearest Ookla tile 4.42 km
11,Airtel,Odisha,Koraput,Koraput,Bogeipodar,428967,18.84218212702632,82.64509436817087,lgd_master,195.0,1.4441247028583755,,42.502,12.975,1.0,2.2831480859079445,,,,Strong,nearest tower 1.44 km; 195 tower(s) within radius; village Ookla 42.5 Mbps; nearest Ookla tile 2.28 km
11,BSNL,Odisha,Koraput,Koraput,Bogeipodar,428967,18.84218212702632,82.64509436817087,lgd_master,127.0,1.4441247028583755,,42.502,12.975,1.0,2.2831480859079445,,,,Strong,nearest tower 1.44 km; 127 tower(s) within radius; village Ookla 42.5 Mbps; nearest Ookla tile 2.28 km
11,Jio,Odisha,Koraput,Koraput,Bogeipodar,428967,18.84218212702632,82.64509436817087,lgd_master,37.0,6.131719378041481,,42.502,12.975,1.0,2.2831480859079445,,,,Weak,nearest tower 6.13 km; 37 tower(s) within radius; village Ookla 42.5 Mbps; nearest Ookla tile 2.28 km
11,Vodafone Idea,Odisha,Koraput,Koraput,Bogeipodar,428967,18.84218212702632,82.64509436817087,lgd_master,13.0,8.155533015613793,,42.502,12.975,1.0,2.2831480859079445,,,,Weak,nearest tower 8.16 km; 13 tower(s) within radius; village Ookla 42.5 Mbps; nearest Ookla tile 2.28 km
25,Airtel,Odisha,Koraput,Koraput,Bondakotra,428892,18.9121234812509,82.71342138480337,lgd_master,,,,1.184,0.547,1.0,2.69936347368747,,,,Unknown,village Ookla 1.2 Mbps; nearest Ookla tile 2.70 km
25,BSNL,Odisha,Koraput,Koraput,Bondakotra,428892,18.9121234812509,82.71342138480337,lgd_master,2.0,7.72569928777672,,1.184,0.547,1.0,2.69936347368747,,,,Weak,nearest tower 7.73 km; 2 tower(s) within radius; village Ookla 1.2 Mbps; nearest Ookla tile 2.70 km
25,Jio,Odisha,Koraput,Koraput,Bondakotra,428892,18.9121234812509,82.71342138480337,lgd_master,,,,1.184,0.547,1.0,2.69936347368747,,,,Unknown,village Ookla 1.2 Mbps; nearest Ookla tile 2.70 km
25,Vodafone Idea,Odisha,Koraput,Koraput,Bondakotra,428892,18.9121234812509,82.71342138480337,lgd_master,,,,1.184,0.547,1.0,2.69936347368747,,,,Unknown,village Ookla 1.2 Mbps; nearest Ookla tile 2.70 km
15,Airtel,Odisha,Koraput,Koraput,Challor,429993,18.73303235115716,82.96006598169285,lgd_master,23.0,4.355088120800707,,14.076,2.961,1.0,0.8320573098846432,,,,Moderate,nearest tower 4.36 km; 23 tower(s) within radius; village Ookla 14.1 Mbps; nearest Ookla tile 0.83 km
15,BSNL,Odisha,Koraput,Koraput,Challor,429993,18.73303235115716,82.96006598169285,lgd_master,52.0,3.188848481895869,,14.076,2.961,1.0,0.8320573098846432,,,,Moderate,nearest tower 3.19 km; 52 tower(s) within radius; village Ookla 14.1 Mbps; nearest Ookla tile 0.83 km
15,Jio,Odisha,Koraput,Koraput,Challor,429993,18.73303235115716,82.96006598169285,lgd_master,42.0,4.624267668006962,,14.076,2.961,1.0,0.8320573098846432,,,,Moderate,nearest tower 4.62 km; 42 tower(s) within radius; village Ookla 14.1 Mbps; nearest Ookla tile 0.83 km
15,Vodafone Idea,Odisha,Koraput,Koraput,Challor,429993,18.73303235115716,82.96006598169285,lgd_master,4.0,5.173687883443738,,14.076,2.961,1.0,0.8320573098846432,,,,Weak,nearest tower 5.17 km; 4 tower(s) within radius; village Ookla 14.1 Mbps; nearest Ookla tile 0.83 km
32,Airtel,Odisha,Koraput,Koraput,Chandalaguda,428984,18.76110817910234,82.6904878565326,lgd_master,56.0,4.461944518504412,,162.299,6.292,31.0,3.517826699735723,,,,Moderate,nearest tower 4.46 km; 56 tower(s) within radius; village Ookla 162.3 Mbps; nearest Ookla tile 3.52 km
32,BSNL,Odisha,Koraput,Koraput,Chandalaguda,428984,18.76110817910234,82.6904878565326,lgd_master,45.0,4.461944518504412,,162.299,6.292,31.0,3.517826699735723,,,,Moderate,nearest tower 4.46 km; 45 tower(s) within radius; village Ookla 162.3 Mbps; nearest Ookla tile 3.52 km
32,Jio,Odisha,Koraput,Koraput,Chandalaguda,428984,18.76110817910234,82.6904878565326,lgd_master,7.0,5.251837666410097,,162.299,6.292,31.0,3.517826699735723,,,,Weak,nearest tower 5.25 km; 7 tower(s) within radius; village Ookla 162.3 Mbps; nearest Ookla tile 3.52 km
32,Vodafone Idea,Odisha,Koraput,Koraput,Chandalaguda,428984,18.76110817910234,82.6904878565326,lgd_master,,,,162.299,6.292,31.0,3.517826699735723,,,,Moderate,village Ookla 162.3 Mbps; nearest Ookla tile 3.52 km
85,Airtel,Odisha,Koraput,Koraput,Chappar,428974,18.81621701662167,82.67888695197901,lgd_master,63.0,0.4348575974879868,,539.289,57.4,3.0,0.23125434431173186,,,,Strong,nearest tower 0.43 km; 63 tower(s) within radius; village Ookla 539.3 Mbps; nearest Ookla tile 0.23 km
85,BSNL,Odisha,Koraput,Koraput,Chappar,428974,18.81621701662167,82.67888695197901,lgd_master,43.0,1.2439621040523057,,539.289,57.4,3.0,0.23125434431173186,,,,Strong,nearest tower 1.24 km; 43 tower(s) within radius; village Ookla 539.3 Mbps; nearest Ookla tile 0.23 km
85,Jio,Odisha,Koraput,Koraput,Chappar,428974,18.81621701662167,82.67888695197901,lgd_master,7.0,3.3509967657519617,,539.289,57.4,3.0,0.23125434431173186,,,,Moderate,nearest tower 3.35 km; 7 tower(s) within radius; village Ookla 539.3 Mbps; nearest Ookla tile 0.23 km
85,Vodafone Idea,Odisha,Koraput,Koraput,Chappar,428974,18.81621701662167,82.67888695197901,lgd_master,,,,539.289,57.4,3.0,0.23125434431173186,,,,Moderate,village Ookla 539.3 Mbps; nearest Ookla tile 0.23 km
51,Airtel,Odisha,Koraput,Koraput,Chatiguda,428915,18.89915338875419,82.73107004822526,lgd_master,6.0,9.353343570122188,,1.184,0.547,1.0,0.3929341741527086,,,,Weak,nearest tower 9.35 km; 6 tower(s) within radius; village Ookla 1.2 Mbps; nearest Ookla tile 0.39 km
51,BSNL,Odisha,Koraput,Koraput,Chatiguda,428915,18.89915338875419,82.73107004822526,lgd_master,16.0,7.652489336657874,,1.184,0.547,1.0,0.3929341741527086,,,,Weak,nearest tower 7.65 km; 16 tower(s) within radius; village Ookla 1.2 Mbps; nearest Ookla tile 0.39 km
51,Jio,Odisha,Koraput,Koraput,Chatiguda,428915,18.89915338875419,82.73107004822526,lgd_master,,,,1.184,0.547,1.0,0.3929341741527086,,,,Unknown,village Ookla 1.2 Mbps; nearest Ookla tile 0.39 km
51,Vodafone Idea,Odisha,Koraput,Koraput,Chatiguda,428915,18.89915338875419,82.73107004822526,lgd_master,,,,1.184,0.547,1.0,0.3929341741527086,,,,Unknown,village Ookla 1.2 Mbps; nearest Ookla tile 0.39 km
92,Airtel,Odisha,Koraput,Koraput,Chindri,953235,18.8107042147205,82.74000143439493,lgd_master,54.0,2.109829002949964,,92.362,4.672,4.0,1.944194035773772,,,,Moderate,nearest tower 2.11 km; 54 tower(s) within radius; village Ookla 92.4 Mbps; nearest Ookla tile 1.94 km
92,BSNL,Odisha,Koraput,Koraput,Chindri,953235,18.8107042147205,82.74000143439493,lgd_master,50.0,0.07795076233265144,,92.362,4.672,4.0,1.944194035773772,,,,Strong,nearest tower 0.08 km; 50 tower(s) within radius; village Ookla 92.4 Mbps; nearest Ookla tile 1.94 km
92,Jio,Odisha,Koraput,Koraput,Chindri,953235,18.8107042147205,82.74000143439493,lgd_master,7.0,2.5226669282283827,,92.362,4.672,4.0,1.944194035773772,,,,Moderate,nearest tower 2.52 km; 7 tower(s) within radius; village Ookla 92.4 Mbps; nearest Ookla tile 1.94 km
92,Vodafone Idea,Odisha,Koraput,Koraput,Chindri,953235,18.8107042147205,82.74000143439493,lgd_master,,,,92.362,4.672,4.0,1.944194035773772,,,,Moderate,village Ookla 92.4 Mbps; nearest Ookla tile 1.94 km
76,Airtel,Odisha,Koraput,Koraput,Chougaon,429974,18.77115418649382,82.84482388714743,lgd_master,60.0,1.3353997437704197,,14.754,6.837,1.0,2.0620427416892513,,,,Strong,nearest tower 1.34 km; 60 tower(s) within radius; village Ookla 14.8 Mbps; nearest Ookla tile 2.06 km
76,BSNL,Odisha,Koraput,Koraput,Chougaon,429974,18.77115418649382,82.84482388714743,lgd_master,120.0,3.485974238396524,,14.754,6.837,1.0,2.0620427416892513,,,,Moderate,nearest tower 3.49 km; 120 tower(s) within radius; village Ookla 14.8 Mbps; nearest Ookla tile 2.06 km
76,Jio,Odisha,Koraput,Koraput,Chougaon,429974,18.77115418649382,82.84482388714743,lgd_master,47.0,2.3963068991686596,,14.754,6.837,1.0,2.0620427416892513,,,,Moderate,nearest tower 2.40 km; 47 tower(s) within radius; village Ookla 14.8 Mbps; nearest Ookla tile 2.06 km
76,Vodafone Idea,Odisha,Koraput,Koraput,Chougaon,429974,18.77115418649382,82.84482388714743,lgd_master,8.0,3.485974238396524,,14.754,6.837,1.0,2.0620427416892513,,,,Moderate,nearest tower 3.49 km; 8 tower(s) within radius; village Ookla 14.8 Mbps; nearest Ookla tile 2.06 km
26,Airtel,Odisha,Koraput,Koraput,Dakra,428890,18.9257947432634,82.69051843265927,lgd_master,,,,,,,,,,,Unknown,No tower or Ookla evidence available.
26,BSNL,Odisha,Koraput,Koraput,Dakra,428890,18.9257947432634,82.69051843265927,lgd_master,1.0,8.462567495275144,,,,,,,,,Weak,nearest tower 8.46 km; 1 tower(s) within radius
26,Jio,Odisha,Koraput,Koraput,Dakra,428890,18.9257947432634,82.69051843265927,lgd_master,,,,,,,,,,,Unknown,No tower or Ookla evidence available.
26,Vodafone Idea,Odisha,Koraput,Koraput,Dakra,428890,18.9257947432634,82.69051843265927,lgd_master,,,,,,,,,,,Unknown,No tower or Ookla evidence available.
47,Airtel,Odisha,Koraput,Koraput,Damanjodi (Ct),429994,18.76347777039094,82.91424596972435,lgd_master,43.0,0.5905029058246519,,211.68,15.487,18.0,0.3060880710314265,,,,Strong,nearest tower 0.59 km; 43 tower(s) within radius; village Ookla 211.7 Mbps; nearest Ookla tile 0.31 km
47,BSNL,Odisha,Koraput,Koraput,Damanjodi (Ct),429994,18.76347777039094,82.91424596972435,lgd_master,73.0,0.5905029058246519,,211.68,15.487,18.0,0.3060880710314265,,,,Strong,nearest tower 0.59 km; 73 tower(s) within radius; village Ookla 211.7 Mbps; nearest Ookla tile 0.31 km
47,Jio,Odisha,Koraput,Koraput,Damanjodi (Ct),429994,18.76347777039094,82.91424596972435,lgd_master,46.0,0.5905029058246519,,211.68,15.487,18.0,0.3060880710314265,,,,Strong,nearest tower 0.59 km; 46 tower(s) within radius; village Ookla 211.7 Mbps; nearest Ookla tile 0.31 km
47,Vodafone Idea,Odisha,Koraput,Koraput,Damanjodi (Ct),429994,18.76347777039094,82.91424596972435,lgd_master,8.0,0.7186054556488066,,211.68,15.487,18.0,0.3060880710314265,,,,Strong,nearest tower 0.72 km; 8 tower(s) within radius; village Ookla 211.7 Mbps; nearest Ookla tile 0.31 km
93,Airtel,Odisha,Koraput,Koraput,Dangadeula,953234,18.77801266871023,82.71653945175869,lgd_master,55.0,1.376122910745278,,162.299,6.292,31.0,0.3878645091087547,,,,Strong,nearest tower 1.38 km; 55 tower(s) within radius; village Ookla 162.3 Mbps; nearest Ookla tile 0.39 km
93,BSNL,Odisha,Koraput,Koraput,Dangadeula,953234,18.77801266871023,82.71653945175869,lgd_master,51.0,1.376122910745278,,162.299,6.292,31.0,0.3878645091087547,,,,Strong,nearest tower 1.38 km; 51 tower(s) within radius; village Ookla 162.3 Mbps; nearest Ookla tile 0.39 km
93,Jio,Odisha,Koraput,Koraput,Dangadeula,953234,18.77801266871023,82.71653945175869,lgd_master,7.0,1.942810273334963,,162.299,6.292,31.0,0.3878645091087547,,,,Strong,nearest tower 1.94 km; 7 tower(s) within radius; village Ookla 162.3 Mbps; nearest Ookla tile 0.39 km
93,Vodafone Idea,Odisha,Koraput,Koraput,Dangadeula,953234,18.77801266871023,82.71653945175869,lgd_master,,,,162.299,6.292,31.0,0.3878645091087547,,,,Moderate,village Ookla 162.3 Mbps; nearest Ookla tile 0.39 km
69,Airtel,Odisha,Koraput,Koraput,Desnaikguda,428958,18.85812542432399,82.76000050295293,lgd_master,47.0,6.79353949085869,,1.184,0.547,1.0,4.284162860561649,,,,Weak,nearest tower 6.79 km; 47 tower(s) within radius; village Ookla 1.2 Mbps; nearest Ookla tile 4.28 km
69,BSNL,Odisha,Koraput,Koraput,Desnaikguda,428958,18.85812542432399,82.76000050295293,lgd_master,51.0,2.909997962313488,,1.184,0.547,1.0,4.284162860561649,,,,Moderate,nearest tower 2.91 km; 51 tower(s) within radius; village Ookla 1.2 Mbps; nearest Ookla tile 4.28 km
69,Jio,Odisha,Koraput,Koraput,Desnaikguda,428958,18.85812542432399,82.76000050295293,lgd_master,7.0,7.493317521468528,,1.184,0.547,1.0,4.284162860561649,,,,Weak,nearest tower 7.49 km; 7 tower(s) within radius; village Ookla 1.2 Mbps; nearest Ookla tile 4.28 km
69,Vodafone Idea,Odisha,Koraput,Koraput,Desnaikguda,428958,18.85812542432399,82.76000050295293,lgd_master,,,,1.184,0.547,1.0,4.284162860561649,,,,Unknown,village Ookla 1.2 Mbps; nearest Ookla tile 4.28 km
12,Airtel,Odisha,Koraput,Koraput,Devighat,428968,18.83446001095374,82.62877585219279,lgd_master,197.0,0.5102420166934339,,218.213,8.276,6.0,3.2384073824640405,,,,Strong,nearest tower 0.51 km; 197 tower(s) within radius; village Ookla 218.2 Mbps; nearest Ookla tile 3.24 km
12,BSNL,Odisha,Koraput,Koraput,Devighat,428968,18.83446001095374,82.62877585219279,lgd_master,124.0,0.5102420166934339,,218.213,8.276,6.0,3.2384073824640405,,,,Strong,nearest tower 0.51 km; 124 tower(s) within radius; village Ookla 218.2 Mbps; nearest Ookla tile 3.24 km
12,Jio,Odisha,Koraput,Koraput,Devighat,428968,18.83446001095374,82.62877585219279,lgd_master,43.0,4.968838674587024,,218.213,8.276,6.0,3.2384073824640405,,,,Moderate,nearest tower 4.97 km; 43 tower(s) within radius; village Ookla 218.2 Mbps; nearest Ookla tile 3.24 km
12,Vodafone Idea,Odisha,Koraput,Koraput,Devighat,428968,18.83446001095374,82.62877585219279,lgd_master,13.0,6.808547650578463,,218.213,8.276,6.0,3.2384073824640405,,,,Weak,nearest tower 6.81 km; 13 tower(s) within radius; village Ookla 218.2 Mbps; nearest Ookla tile 3.24 km
94,Airtel,Odisha,Koraput,Koraput,Disari Kharaguda,956685,18.76717975655157,82.7479115441162,lgd_master,67.0,0.38202683793332654,,277.166,16.819,6.0,1.1118111477503922,,,,Strong,nearest tower 0.38 km; 67 tower(s) within radius; village Ookla 277.2 Mbps; nearest Ookla tile 1.11 km
94,BSNL,Odisha,Koraput,Koraput,Disari Kharaguda,956685,18.76717975655157,82.7479115441162,lgd_master,82.0,1.1521744609202138,,277.166,16.819,6.0,1.1118111477503922,,,,Strong,nearest tower 1.15 km; 82 tower(s) within radius; village Ookla 277.2 Mbps; nearest Ookla tile 1.11 km
94,Jio,Odisha,Koraput,Koraput,Disari Kharaguda,956685,18.76717975655157,82.7479115441162,lgd_master,9.0,1.64609680084183,,277.166,16.819,6.0,1.1118111477503922,,,,Strong,nearest tower 1.65 km; 9 tower(s) within radius; village Ookla 277.2 Mbps; nearest Ookla tile 1.11 km
94,Vodafone Idea,Odisha,Koraput,Koraput,Disari Kharaguda,956685,18.76717975655157,82.7479115441162,lgd_master,1.0,9.585030310796144,,277.166,16.819,6.0,1.1118111477503922,,,,Weak,nearest tower 9.59 km; 1 tower(s) within radius; village Ookla 277.2 Mbps; nearest Ookla tile 1.11 km
52,Airtel,Odisha,Koraput,Koraput,Dolaiput,428926,18.86206695161244,82.74940035853955,lgd_master,46.0,6.54356850610785,,1.184,0.547,1.0,3.3876108759110077,,,,Weak,nearest tower 6.54 km; 46 tower(s) within radius; village Ookla 1.2 Mbps; nearest Ookla tile 3.39 km
52,BSNL,Odisha,Koraput,Koraput,Dolaiput,428926,18.86206695161244,82.74940035853955,lgd_master,49.0,3.550132393534187,,1.184,0.547,1.0,3.3876108759110077,,,,Moderate,nearest tower 3.55 km; 49 tower(s) within radius; village Ookla 1.2 Mbps; nearest Ookla tile 3.39 km
52,Jio,Odisha,Koraput,Koraput,Dolaiput,428926,18.86206695161244,82.74940035853955,lgd_master,7.0,7.103566860893407,,1.184,0.547,1.0,3.3876108759110077,,,,Weak,nearest tower 7.10 km; 7 tower(s) within radius; village Ookla 1.2 Mbps; nearest Ookla tile 3.39 km
52,Vodafone Idea,Odisha,Koraput,Koraput,Dolaiput,428926,18.86206695161244,82.74940035853955,lgd_master,,,,1.184,0.547,1.0,3.3876108759110077,,,,Unknown,village Ookla 1.2 Mbps; nearest Ookla tile 3.39 km
53,Airtel,Odisha,Koraput,Koraput,Doliamba,428913,18.88620838297058,82.75395010672115,lgd_master,13.0,9.163070436774793,,1.184,0.547,1.0,1.748673271901208,,,,Weak,nearest tower 9.16 km; 13 tower(s) within radius; village Ookla 1.2 Mbps; nearest Ookla tile 1.75 km
53,BSNL,Odisha,Koraput,Koraput,Doliamba,428913,18.88620838297058,82.75395010672115,lgd_master,31.0,5.805069137276853,,1.184,0.547,1.0,1.748673271901208,,,,Weak,nearest tower 5.81 km; 31 tower(s) within radius; village Ookla 1.2 Mbps; nearest Ookla tile 1.75 km
53,Jio,Odisha,Koraput,Koraput,Doliamba,428913,18.88620838297058,82.75395010672115,lgd_master,4.0,9.623596804784256,,1.184,0.547,1.0,1.748673271901208,,,,Weak,nearest tower 9.62 km; 4 tower(s) within radius; village Ookla 1.2 Mbps; nearest Ookla tile 1.75 km
53,Vodafone Idea,Odisha,Koraput,Koraput,Doliamba,428913,18.88620838297058,82.75395010672115,lgd_master,,,,1.184,0.547,1.0,1.748673271901208,,,,Unknown,village Ookla 1.2 Mbps; nearest Ookla tile 1.75 km
70,Airtel,Odisha,Koraput,Koraput,Dongri,428953,18.82675177949508,82.78427165705295,lgd_master,53.0,5.773086433285937,,66.988,8.257,3.0,3.881441117981587,,,,Weak,nearest tower 5.77 km; 53 tower(s) within radius; village Ookla 67.0 Mbps; nearest Ookla tile 3.88 km
70,BSNL,Odisha,Koraput,Koraput,Dongri,428953,18.82675177949508,82.78427165705295,lgd_master,57.0,0.5761982080281102,,66.988,8.257,3.0,3.881441117981587,,,,Strong,nearest tower 0.58 km; 57 tower(s) within radius; village Ookla 67.0 Mbps; nearest Ookla tile 3.88 km
70,Jio,Odisha,Koraput,Koraput,Dongri,428953,18.82675177949508,82.78427165705295,lgd_master,7.0,6.968682241540932,,66.988,8.257,3.0,3.881441117981587,,,,Weak,nearest tower 6.97 km; 7 tower(s) within radius; village Ookla 67.0 Mbps; nearest Ookla tile 3.88 km
70,Vodafone Idea,Odisha,Koraput,Koraput,Dongri,428953,18.82675177949508,82.78427165705295,lgd_master,,,,66.988,8.257,3.0,3.881441117981587,,,,Moderate,village Ookla 67.0 Mbps; nearest Ookla tile 3.88 km
13,Airtel,Odisha,Koraput,Koraput,Doudapadar,428970,18.82184897212855,82.60163448547465,lgd_master,187.0,1.5803510384817632,,19.442,1.805,1.0,2.7459935566924414,,,,Strong,nearest tower 1.58 km; 187 tower(s) within radius; village Ookla 19.4 Mbps; nearest Ookla tile 2.75 km
13,BSNL,Odisha,Koraput,Koraput,Doudapadar,428970,18.82184897212855,82.60163448547465,lgd_master,106.0,2.0164130140413477,,19.442,1.805,1.0,2.7459935566924414,,,,Moderate,nearest tower 2.02 km; 106 tower(s) within radius; village Ookla 19.4 Mbps; nearest Ookla tile 2.75 km
13,Jio,Odisha,Koraput,Koraput,Doudapadar,428970,18.82184897212855,82.60163448547465,lgd_master,44.0,4.397136987003722,,19.442,1.805,1.0,2.7459935566924414,,,,Moderate,nearest tower 4.40 km; 44 tower(s) within radius; village Ookla 19.4 Mbps; nearest Ookla tile 2.75 km
13,Vodafone Idea,Odisha,Koraput,Koraput,Doudapadar,428970,18.82184897212855,82.60163448547465,lgd_master,14.0,5.38012143674954,,19.442,1.805,1.0,2.7459935566924414,,,,Weak,nearest tower 5.38 km; 14 tower(s) within radius; village Ookla 19.4 Mbps; nearest Ookla tile 2.75 km
16,Airtel,Odisha,Koraput,Koraput,Dumuripadar,429988,18.75778576933507,82.98140309914399,lgd_master,22.0,5.189699163879432,,14.076,2.961,1.0,1.936594894210346,,,,Weak,nearest tower 5.19 km; 22 tower(s) within radius; village Ookla 14.1 Mbps; nearest Ookla tile 1.94 km
16,BSNL,Odisha,Koraput,Koraput,Dumuripadar,429988,18.75778576933507,82.98140309914399,lgd_master,50.0,5.42630255610094,,14.076,2.961,1.0,1.936594894210346,,,,Weak,nearest tower 5.43 km; 50 tower(s) within radius; village Ookla 14.1 Mbps; nearest Ookla tile 1.94 km
16,Jio,Odisha,Koraput,Koraput,Dumuripadar,429988,18.75778576933507,82.98140309914399,lgd_master,42.0,6.479943451597847,,14.076,2.961,1.0,1.936594894210346,,,,Weak,nearest tower 6.48 km; 42 tower(s) within radius; village Ookla 14.1 Mbps; nearest Ookla tile 1.94 km
16,Vodafone Idea,Odisha,Koraput,Koraput,Dumuripadar,429988,18.75778576933507,82.98140309914399,lgd_master,4.0,6.479943451597847,,14.076,2.961,1.0,1.936594894210346,,,,Weak,nearest tower 6.48 km; 4 tower(s) within radius; village Ookla 14.1 Mbps; nearest Ookla tile 1.94 km
77,Airtel,Odisha,Koraput,Koraput,Dumuriput,429971,18.76835723548329,82.79392319860705,lgd_master,75.0,2.1306742552703906,,133.629,48.62,1.0,0.880985953189143,,,,Moderate,nearest tower 2.13 km; 75 tower(s) within radius; village Ookla 133.6 Mbps; nearest Ookla tile 0.88 km
77,BSNL,Odisha,Koraput,Koraput,Dumuriput,429971,18.76835723548329,82.79392319860705,lgd_master,98.0,2.8325613666920697,,133.629,48.62,1.0,0.880985953189143,,,,Moderate,nearest tower 2.83 km; 98 tower(s) within radius; village Ookla 133.6 Mbps; nearest Ookla tile 0.88 km
77,Jio,Odisha,Koraput,Koraput,Dumuriput,429971,18.76835723548329,82.79392319860705,lgd_master,10.0,5.266533254882329,,133.629,48.62,1.0,0.880985953189143,,,,Weak,nearest tower 5.27 km; 10 tower(s) within radius; village Ookla 133.6 Mbps; nearest Ookla tile 0.88 km
77,Vodafone Idea,Odisha,Koraput,Koraput,Dumuriput,429971,18.76835723548329,82.79392319860705,lgd_master,4.0,5.70104128750483,,133.629,48.62,1.0,0.880985953189143,,,,Weak,nearest tower 5.70 km; 4 tower(s) within radius; village Ookla 133.6 Mbps; nearest Ookla tile 0.88 km
78,Airtel,Odisha,Koraput,Koraput,Duruguda,429003,18.78193083362609,82.75580184282967,lgd_master,66.0,0.4915188004974955,,277.166,16.819,6.0,1.29461181190444,,,,Strong,nearest tower 0.49 km; 66 tower(s) within radius; village Ookla 277.2 Mbps; nearest Ookla tile 1.29 km
78,BSNL,Odisha,Koraput,Koraput,Duruguda,429003,18.78193083362609,82.75580184282967,lgd_master,79.0,1.5121186202724315,,277.166,16.819,6.0,1.29461181190444,,,,Strong,nearest tower 1.51 km; 79 tower(s) within radius; village Ookla 277.2 Mbps; nearest Ookla tile 1.29 km
78,Jio,Odisha,Koraput,Koraput,Duruguda,429003,18.78193083362609,82.75580184282967,lgd_master,8.0,1.6796585534012367,,277.166,16.819,6.0,1.29461181190444,,,,Strong,nearest tower 1.68 km; 8 tower(s) within radius; village Ookla 277.2 Mbps; nearest Ookla tile 1.29 km
78,Vodafone Idea,Odisha,Koraput,Koraput,Duruguda,429003,18.78193083362609,82.75580184282967,lgd_master,1.0,9.708817710021147,,277.166,16.819,6.0,1.29461181190444,,,,Weak,nearest tower 9.71 km; 1 tower(s) within radius; village Ookla 277.2 Mbps; nearest Ookla tile 1.29 km
54,Airtel,Odisha,Koraput,Koraput,Ekdili,428925,18.87174005287739,82.74379571597899,lgd_master,36.0,7.279728076946175,,1.184,0.547,1.0,2.1841812261368307,,,,Weak,nearest tower 7.28 km; 36 tower(s) within radius; village Ookla 1.2 Mbps; nearest Ookla tile 2.18 km
54,BSNL,Odisha,Koraput,Koraput,Ekdili,428925,18.87174005287739,82.74379571597899,lgd_master,43.0,4.666341808773636,,1.184,0.547,1.0,2.1841812261368307,,,,Moderate,nearest tower 4.67 km; 43 tower(s) within radius; village Ookla 1.2 Mbps; nearest Ookla tile 2.18 km
54,Jio,Odisha,Koraput,Koraput,Ekdili,428925,18.87174005287739,82.74379571597899,lgd_master,6.0,7.706570157371451,,1.184,0.547,1.0,2.1841812261368307,,,,Weak,nearest tower 7.71 km; 6 tower(s) within radius; village Ookla 1.2 Mbps; nearest Ookla tile 2.18 km
54,Vodafone Idea,Odisha,Koraput,Koraput,Ekdili,428925,18.87174005287739,82.74379571597899,lgd_master,,,,1.184,0.547,1.0,2.1841812261368307,,,,Unknown,village Ookla 1.2 Mbps; nearest Ookla tile 2.18 km
71,Airtel,Odisha,Koraput,Koraput,Ektaguda,428959,18.85303151903746,82.74487648798427,lgd_master,49.0,5.4371757835989,,1.184,0.547,1.0,4.230929603340238,,,,Weak,nearest tower 5.44 km; 49 tower(s) within radius; village Ookla 1.2 Mbps; nearest Ookla tile 4.23 km
71,BSNL,Odisha,Koraput,Koraput,Ektaguda,428959,18.85303151903746,82.74487648798427,lgd_master,45.0,2.605970489410927,,1.184,0.547,1.0,4.230929603340238,,,,Moderate,nearest tower 2.61 km; 45 tower(s) within radius; village Ookla 1.2 Mbps; nearest Ookla tile 4.23 km
71,Jio,Odisha,Koraput,Koraput,Ektaguda,428959,18.85303151903746,82.74487648798427,lgd_master,7.0,6.016694232734783,,1.184,0.547,1.0,4.230929603340238,,,,Weak,nearest tower 6.02 km; 7 tower(s) within radius; village Ookla 1.2 Mbps; nearest Ookla tile 4.23 km
71,Vodafone Idea,Odisha,Koraput,Koraput,Ektaguda,428959,18.85303151903746,82.74487648798427,lgd_master,,,,1.184,0.547,1.0,4.230929603340238,,,,Unknown,village Ookla 1.2 Mbps; nearest Ookla tile 4.23 km
79,Airtel,Odisha,Koraput,Koraput,Gopalput,429005,18.76788224239133,82.77361289487517,lgd_master,69.0,1.4543539112485642,,133.629,48.62,1.0,2.2442375930809906,,,,Strong,nearest tower 1.45 km; 69 tower(s) within radius; village Ookla 133.6 Mbps; nearest Ookla tile 2.24 km
79,BSNL,Odisha,Koraput,Koraput,Gopalput,429005,18.76788224239133,82.77361289487517,lgd_master,90.0,1.3943908330676664,,133.629,48.62,1.0,2.2442375930809906,,,,Strong,nearest tower 1.39 km; 90 tower(s) within radius; village Ookla 133.6 Mbps; nearest Ookla tile 2.24 km
79,Jio,Odisha,Koraput,Koraput,Gopalput,429005,18.76788224239133,82.77361289487517,lgd_master,10.0,3.7893492816815013,,133.629,48.62,1.0,2.2442375930809906,,,,Moderate,nearest tower 3.79 km; 10 tower(s) within radius; village Ookla 133.6 Mbps; nearest Ookla tile 2.24 km
79,Vodafone Idea,Odisha,Koraput,Koraput,Gopalput,429005,18.76788224239133,82.77361289487517,lgd_master,4.0,7.2761127889823936,,133.629,48.62,1.0,2.2442375930809906,,,,Weak,nearest tower 7.28 km; 4 tower(s) within radius; village Ookla 133.6 Mbps; nearest Ookla tile 2.24 km
2,Airtel,Odisha,Koraput,Koraput,Haldiput,428993,18.70916762448933,82.7479716248017,lgd_master,49.0,5.580980065028891,,230.758,35.544,1.0,4.337496066062089,,,,Weak,nearest tower 5.58 km; 49 tower(s) within radius; village Ookla 230.8 Mbps; nearest Ookla tile 4.34 km
2,BSNL,Odisha,Koraput,Koraput,Haldiput,428993,18.70916762448933,82.7479716248017,lgd_master,58.0,2.325290881562728,,230.758,35.544,1.0,4.337496066062089,,,,Moderate,nearest tower 2.33 km; 58 tower(s) within radius; village Ookla 230.8 Mbps; nearest Ookla tile 4.34 km
2,Jio,Odisha,Koraput,Koraput,Haldiput,428993,18.70916762448933,82.7479716248017,lgd_master,5.0,5.580980065028891,,230.758,35.544,1.0,4.337496066062089,,,,Weak,nearest tower 5.58 km; 5 tower(s) within radius; village Ookla 230.8 Mbps; nearest Ookla tile 4.34 km
2,Vodafone Idea,Odisha,Koraput,Koraput,Haldiput,428993,18.70916762448933,82.7479716248017,lgd_master,1.0,8.95368982180828,,230.758,35.544,1.0,4.337496066062089,,,,Weak,nearest tower 8.95 km; 1 tower(s) within radius; village Ookla 230.8 Mbps; nearest Ookla tile 4.34 km
17,Airtel,Odisha,Koraput,Koraput,Hatimunda,429998,18.73136542631208,83.008586048523,lgd_master,10.0,8.873600351028239,,14.076,2.961,1.0,4.306672232371064,,,,Weak,nearest tower 8.87 km; 10 tower(s) within radius; village Ookla 14.1 Mbps; nearest Ookla tile 4.31 km
17,BSNL,Odisha,Koraput,Koraput,Hatimunda,429998,18.73136542631208,83.008586048523,lgd_master,17.0,8.290184557925016,,14.076,2.961,1.0,4.306672232371064,,,,Weak,nearest tower 8.29 km; 17 tower(s) within radius; village Ookla 14.1 Mbps; nearest Ookla tile 4.31 km
17,Jio,Odisha,Koraput,Koraput,Hatimunda,429998,18.73136542631208,83.008586048523,lgd_master,13.0,9.56800696988789,,14.076,2.961,1.0,4.306672232371064,,,,Weak,nearest tower 9.57 km; 13 tower(s) within radius; village Ookla 14.1 Mbps; nearest Ookla tile 4.31 km
17,Vodafone Idea,Odisha,Koraput,Koraput,Hatimunda,429998,18.73136542631208,83.008586048523,lgd_master,2.0,9.865828510290351,,14.076,2.961,1.0,4.306672232371064,,,,Weak,nearest tower 9.87 km; 2 tower(s) within radius; village Ookla 14.1 Mbps; nearest Ookla tile 4.31 km
72,Airtel,Odisha,Koraput,Koraput,Hiridiput,428928,18.87409136548742,82.79135844012849,lgd_master,,,,,,,,,,,Unknown,No tower or Ookla evidence available.
72,BSNL,Odisha,Koraput,Koraput,Hiridiput,428928,18.87409136548742,82.79135844012849,lgd_master,22.0,3.7764510979296255,,,,,,,,,Moderate,nearest tower 3.78 km; 22 tower(s) within radius
72,Jio,Odisha,Koraput,Koraput,Hiridiput,428928,18.87409136548742,82.79135844012849,lgd_master,,,,,,,,,,,Unknown,No tower or Ookla evidence available.
72,Vodafone Idea,Odisha,Koraput,Koraput,Hiridiput,428928,18.87409136548742,82.79135844012849,lgd_master,,,,,,,,,,,Unknown,No tower or Ookla evidence available.
3,Airtel,Odisha,Koraput,Koraput,Horidaput,428997,18.68564992319556,82.72465388456693,lgd_master,8.0,8.105174540723148,,,,,,,,,Weak,nearest tower 8.11 km; 8 tower(s) within radius
3,BSNL,Odisha,Koraput,Koraput,Horidaput,428997,18.68564992319556,82.72465388456693,lgd_master,23.0,5.490362118812121,,,,,,,,,Weak,nearest tower 5.49 km; 23 tower(s) within radius
3,Jio,Odisha,Koraput,Koraput,Horidaput,428997,18.68564992319556,82.72465388456693,lgd_master,1.0,8.105174540723148,,,,,,,,,Weak,nearest tower 8.11 km; 1 tower(s) within radius
3,Vodafone Idea,Odisha,Koraput,Koraput,Horidaput,428997,18.68564992319556,82.72465388456693,lgd_master,,,,,,,,,,,Unknown,No tower or Ookla evidence available.
18,Airtel,Odisha,Koraput,Koraput,Janjanaguda,429999,18.75129883888845,83.00823417023754,lgd_master,14.0,7.411938754173231,,14.076,2.961,1.0,4.220198251310852,,,,Weak,nearest tower 7.41 km; 14 tower(s) within radius; village Ookla 14.1 Mbps; nearest Ookla tile 4.22 km
18,BSNL,Odisha,Koraput,Koraput,Janjanaguda,429999,18.75129883888845,83.00823417023754,lgd_master,32.0,8.30651755010508,,14.076,2.961,1.0,4.220198251310852,,,,Weak,nearest tower 8.31 km; 32 tower(s) within radius; village Ookla 14.1 Mbps; nearest Ookla tile 4.22 km
18,Jio,Odisha,Koraput,Koraput,Janjanaguda,429999,18.75129883888845,83.00823417023754,lgd_master,22.0,9.306425145056203,,14.076,2.961,1.0,4.220198251310852,,,,Weak,nearest tower 9.31 km; 22 tower(s) within radius; village Ookla 14.1 Mbps; nearest Ookla tile 4.22 km
18,Vodafone Idea,Odisha,Koraput,Koraput,Janjanaguda,429999,18.75129883888845,83.00823417023754,lgd_master,4.0,9.354764495130928,,14.076,2.961,1.0,4.220198251310852,,,,Weak,nearest tower 9.35 km; 4 tower(s) within radius; village Ookla 14.1 Mbps; nearest Ookla tile 4.22 km
65,Airtel,Odisha,Koraput,Koraput,Jerty,428919,18.87563993252246,82.66546471582753,lgd_master,61.0,5.308147581004669,,213.281,38.197,2.0,2.218057725955824,,,,Weak,nearest tower 5.31 km; 61 tower(s) within radius; village Ookla 213.3 Mbps; nearest Ookla tile 2.22 km
65,BSNL,Odisha,Koraput,Koraput,Jerty,428919,18.87563993252246,82.66546471582753,lgd_master,44.0,3.224988627009431,,213.281,38.197,2.0,2.218057725955824,,,,Moderate,nearest tower 3.22 km; 44 tower(s) within radius; village Ookla 213.3 Mbps; nearest Ookla tile 2.22 km
65,Jio,Odisha,Koraput,Koraput,Jerty,428919,18.87563993252246,82.66546471582753,lgd_master,5.0,8.13804902756793,,213.281,38.197,2.0,2.218057725955824,,,,Weak,nearest tower 8.14 km; 5 tower(s) within radius; village Ookla 213.3 Mbps; nearest Ookla tile 2.22 km
65,Vodafone Idea,Odisha,Koraput,Koraput,Jerty,428919,18.87563993252246,82.66546471582753,lgd_master,,,,213.281,38.197,2.0,2.218057725955824,,,,Moderate,village Ookla 213.3 Mbps; nearest Ookla tile 2.22 km
4,Airtel,Odisha,Koraput,Koraput,Kalchur,428990,18.7513393999108,82.73392420906725,lgd_master,58.0,1.9474335874193442,,277.166,16.819,6.0,2.7984832041188583,,,,Strong,nearest tower 1.95 km; 58 tower(s) within radius; village Ookla 277.2 Mbps; nearest Ookla tile 2.80 km
4,BSNL,Odisha,Koraput,Koraput,Kalchur,428990,18.7513393999108,82.73392420906725,lgd_master,72.0,1.153023938272639,,277.166,16.819,6.0,2.7984832041188583,,,,Strong,nearest tower 1.15 km; 72 tower(s) within radius; village Ookla 277.2 Mbps; nearest Ookla tile 2.80 km
4,Jio,Odisha,Koraput,Koraput,Kalchur,428990,18.7513393999108,82.73392420906725,lgd_master,8.0,3.2365036852546964,,277.166,16.819,6.0,2.7984832041188583,,,,Moderate,nearest tower 3.24 km; 8 tower(s) within radius; village Ookla 277.2 Mbps; nearest Ookla tile 2.80 km
4,Vodafone Idea,Odisha,Koraput,Koraput,Kalchur,428990,18.7513393999108,82.73392420906725,lgd_master,,,,277.166,16.819,6.0,2.7984832041188583,,,,Moderate,village Ookla 277.2 Mbps; nearest Ookla tile 2.80 km
44,Airtel,Odisha,Koraput,Koraput,Kandhaputraghati,429990,18.77539350263547,82.95281116365786,lgd_master,23.0,2.8275143137695373,,10.476,0.706,1.0,2.079025435227482,,,,Moderate,nearest tower 2.83 km; 23 tower(s) within radius; village Ookla 10.5 Mbps; nearest Ookla tile 2.08 km
44,BSNL,Odisha,Koraput,Koraput,Kandhaputraghati,429990,18.77539350263547,82.95281116365786,lgd_master,52.0,2.9478871003326046,,10.476,0.706,1.0,2.079025435227482,,,,Moderate,nearest tower 2.95 km; 52 tower(s) within radius; village Ookla 10.5 Mbps; nearest Ookla tile 2.08 km
44,Jio,Odisha,Koraput,Koraput,Kandhaputraghati,429990,18.77539350263547,82.95281116365786,lgd_master,42.0,3.5109566608147906,,10.476,0.706,1.0,2.079025435227482,,,,Moderate,nearest tower 3.51 km; 42 tower(s) within radius; village Ookla 10.5 Mbps; nearest Ookla tile 2.08 km
44,Vodafone Idea,Odisha,Koraput,Koraput,Kandhaputraghati,429990,18.77539350263547,82.95281116365786,lgd_master,4.0,3.5109566608147906,,10.476,0.706,1.0,2.079025435227482,,,,Moderate,nearest tower 3.51 km; 4 tower(s) within radius; village Ookla 10.5 Mbps; nearest Ookla tile 2.08 km
95,Airtel,Odisha,Koraput,Koraput,Kanheiput,953248,18.79441846906029,82.70989034595277,lgd_master,56.0,0.6179267908492899,,178.105,4.214,1.0,0.29881298595117123,,,,Strong,nearest tower 0.62 km; 56 tower(s) within radius; village Ookla 178.1 Mbps; nearest Ookla tile 0.30 km
95,BSNL,Odisha,Koraput,Koraput,Kanheiput,953248,18.79441846906029,82.70989034595277,lgd_master,50.0,0.6179267908492899,,178.105,4.214,1.0,0.29881298595117123,,,,Strong,nearest tower 0.62 km; 50 tower(s) within radius; village Ookla 178.1 Mbps; nearest Ookla tile 0.30 km
95,Jio,Odisha,Koraput,Koraput,Kanheiput,953248,18.79441846906029,82.70989034595277,lgd_master,7.0,1.7247564795752202,,178.105,4.214,1.0,0.29881298595117123,,,,Strong,nearest tower 1.72 km; 7 tower(s) within radius; village Ookla 178.1 Mbps; nearest Ookla tile 0.30 km
95,Vodafone Idea,Odisha,Koraput,Koraput,Kanheiput,953248,18.79441846906029,82.70989034595277,lgd_master,,,,178.105,4.214,1.0,0.29881298595117123,,,,Moderate,village Ookla 178.1 Mbps; nearest Ookla tile 0.30 km
96,Airtel,Odisha,Koraput,Koraput,Kantaguda,956559,18.75980239015621,82.88022771249874,lgd_master,55.0,1.0307335872463534,,14.754,6.837,1.0,1.2844978986275832,,,,Strong,nearest tower 1.03 km; 55 tower(s) within radius; village Ookla 14.8 Mbps; nearest Ookla tile 1.28 km
96,BSNL,Odisha,Koraput,Koraput,Kantaguda,956559,18.75980239015621,82.88022771249874,lgd_master,98.0,2.0851356332980644,,14.754,6.837,1.0,1.2844978986275832,,,,Moderate,nearest tower 2.09 km; 98 tower(s) within radius; village Ookla 14.8 Mbps; nearest Ookla tile 1.28 km
96,Jio,Odisha,Koraput,Koraput,Kantaguda,956559,18.75980239015621,82.88022771249874,lgd_master,46.0,1.0307335872463534,,14.754,6.837,1.0,1.2844978986275832,,,,Strong,nearest tower 1.03 km; 46 tower(s) within radius; village Ookla 14.8 Mbps; nearest Ookla tile 1.28 km
96,Vodafone Idea,Odisha,Koraput,Koraput,Kantaguda,956559,18.75980239015621,82.88022771249874,lgd_master,9.0,4.1941333738508115,,14.754,6.837,1.0,1.2844978986275832,,,,Moderate,nearest tower 4.19 km; 9 tower(s) within radius; village Ookla 14.8 Mbps; nearest Ookla tile 1.28 km
45,Airtel,Odisha,Koraput,Koraput,Karadiguda,429984,18.7892991772119,82.96304610263185,lgd_master,24.0,1.2273855043719641,,113.212,12.785,4.0,0.6014050980019782,,,,Strong,nearest tower 1.23 km; 24 tower(s) within radius; village Ookla 113.2 Mbps; nearest Ookla tile 0.60 km
45,BSNL,Odisha,Koraput,Koraput,Karadiguda,429984,18.7892991772119,82.96304610263185,lgd_master,50.0,4.760513931544907,,113.212,12.785,4.0,0.6014050980019782,,,,Moderate,nearest tower 4.76 km; 50 tower(s) within radius; village Ookla 113.2 Mbps; nearest Ookla tile 0.60 km
45,Jio,Odisha,Koraput,Koraput,Karadiguda,429984,18.7892991772119,82.96304610263185,lgd_master,42.0,5.016562603020468,,113.212,12.785,4.0,0.6014050980019782,,,,Weak,nearest tower 5.02 km; 42 tower(s) within radius; village Ookla 113.2 Mbps; nearest Ookla tile 0.60 km
45,Vodafone Idea,Odisha,Koraput,Koraput,Karadiguda,429984,18.7892991772119,82.96304610263185,lgd_master,4.0,5.016562603020468,,113.212,12.785,4.0,0.6014050980019782,,,,Weak,nearest tower 5.02 km; 4 tower(s) within radius; village Ookla 113.2 Mbps; nearest Ookla tile 0.60 km
55,Airtel,Odisha,Koraput,Koraput,Karanjiguda,428922,18.8783435651252,82.71943162166582,lgd_master,39.0,6.774977445379566,,1.184,0.547,1.0,1.9437383693210584,,,,Weak,nearest tower 6.77 km; 39 tower(s) within radius; village Ookla 1.2 Mbps; nearest Ookla tile 1.94 km
55,BSNL,Odisha,Koraput,Koraput,Karanjiguda,428922,18.8783435651252,82.71943162166582,lgd_master,43.0,5.206578779558321,,1.184,0.547,1.0,1.9437383693210584,,,,Weak,nearest tower 5.21 km; 43 tower(s) within radius; village Ookla 1.2 Mbps; nearest Ookla tile 1.94 km
55,Jio,Odisha,Koraput,Koraput,Karanjiguda,428922,18.8783435651252,82.71943162166582,lgd_master,6.0,7.630013824660168,,1.184,0.547,1.0,1.9437383693210584,,,,Weak,nearest tower 7.63 km; 6 tower(s) within radius; village Ookla 1.2 Mbps; nearest Ookla tile 1.94 km
55,Vodafone Idea,Odisha,Koraput,Koraput,Karanjiguda,428922,18.8783435651252,82.71943162166582,lgd_master,,,,1.184,0.547,1.0,1.9437383693210584,,,,Unknown,village Ookla 1.2 Mbps; nearest Ookla tile 1.94 km
33,Airtel,Odisha,Koraput,Koraput,Kechala,428979,18.75453694047552,82.63020560245654,lgd_master,17.0,6.4980058972323205,,25.472,8.161,1.0,3.873953100177184,,,,Weak,nearest tower 6.50 km; 17 tower(s) within radius; village Ookla 25.5 Mbps; nearest Ookla tile 3.87 km
33,BSNL,Odisha,Koraput,Koraput,Kechala,428979,18.75453694047552,82.63020560245654,lgd_master,10.0,8.352710465692812,,25.472,8.161,1.0,3.873953100177184,,,,Weak,nearest tower 8.35 km; 10 tower(s) within radius; village Ookla 25.5 Mbps; nearest Ookla tile 3.87 km
33,Jio,Odisha,Koraput,Koraput,Kechala,428979,18.75453694047552,82.63020560245654,lgd_master,,,,25.472,8.161,1.0,3.873953100177184,,,,Moderate,village Ookla 25.5 Mbps; nearest Ookla tile 3.87 km
33,Vodafone Idea,Odisha,Koraput,Koraput,Kechala,428979,18.75453694047552,82.63020560245654,lgd_master,,,,25.472,8.161,1.0,3.873953100177184,,,,Moderate,village Ookla 25.5 Mbps; nearest Ookla tile 3.87 km
27,Airtel,Odisha,Koraput,Koraput,Kendar,428918,18.89047203375205,82.70178357736893,lgd_master,20.0,7.802814160576196,,213.281,38.197,2.0,3.1723281655677873,,,,Weak,nearest tower 7.80 km; 20 tower(s) within radius; village Ookla 213.3 Mbps; nearest Ookla tile 3.17 km
27,BSNL,Odisha,Koraput,Koraput,Kendar,428918,18.89047203375205,82.70178357736893,lgd_master,22.0,5.033661493147,,213.281,38.197,2.0,3.1723281655677873,,,,Weak,nearest tower 5.03 km; 22 tower(s) within radius; village Ookla 213.3 Mbps; nearest Ookla tile 3.17 km
27,Jio,Odisha,Koraput,Koraput,Kendar,428918,18.89047203375205,82.70178357736893,lgd_master,4.0,8.949454168835395,,213.281,38.197,2.0,3.1723281655677873,,,,Weak,nearest tower 8.95 km; 4 tower(s) within radius; village Ookla 213.3 Mbps; nearest Ookla tile 3.17 km
27,Vodafone Idea,Odisha,Koraput,Koraput,Kendar,428918,18.89047203375205,82.70178357736893,lgd_master,,,,213.281,38.197,2.0,3.1723281655677873,,,,Moderate,village Ookla 213.3 Mbps; nearest Ookla tile 3.17 km
19,Airtel,Odisha,Koraput,Koraput,Keragam,429987,18.75819749599087,82.97962477878288,lgd_master,22.0,5.069298742947888,,14.076,2.961,1.0,1.8479876066207728,,,,Weak,nearest tower 5.07 km; 22 tower(s) within radius; village Ookla 14.1 Mbps; nearest Ookla tile 1.85 km
19,BSNL,Odisha,Koraput,Koraput,Keragam,429987,18.75819749599087,82.97962477878288,lgd_master,50.0,5.237022830822404,,14.076,2.961,1.0,1.8479876066207728,,,,Weak,nearest tower 5.24 km; 50 tower(s) within radius; village Ookla 14.1 Mbps; nearest Ookla tile 1.85 km
19,Jio,Odisha,Koraput,Koraput,Keragam,429987,18.75819749599087,82.97962477878288,lgd_master,42.0,6.290926406854829,,14.076,2.961,1.0,1.8479876066207728,,,,Weak,nearest tower 6.29 km; 42 tower(s) within radius; village Ookla 14.1 Mbps; nearest Ookla tile 1.85 km
19,Vodafone Idea,Odisha,Koraput,Koraput,Keragam,429987,18.75819749599087,82.97962477878288,lgd_master,4.0,6.290926406854829,,14.076,2.961,1.0,1.8479876066207728,,,,Weak,nearest tower 6.29 km; 4 tower(s) within radius; village Ookla 14.1 Mbps; nearest Ookla tile 1.85 km
29,Airtel,Odisha,Koraput,Koraput,Kerenga,428971,18.79686748660104,82.61780944427245,lgd_master,182.0,1.67048749813192,,25.472,8.161,1.0,2.8823481994025184,,,,Strong,nearest tower 1.67 km; 182 tower(s) within radius; village Ookla 25.5 Mbps; nearest Ookla tile 2.88 km
29,BSNL,Odisha,Koraput,Koraput,Kerenga,428971,18.79686748660104,82.61780944427245,lgd_master,107.0,3.885887387126412,,25.472,8.161,1.0,2.8823481994025184,,,,Moderate,nearest tower 3.89 km; 107 tower(s) within radius; village Ookla 25.5 Mbps; nearest Ookla tile 2.88 km
29,Jio,Odisha,Koraput,Koraput,Kerenga,428971,18.79686748660104,82.61780944427245,lgd_master,48.0,7.1117448969159005,,25.472,8.161,1.0,2.8823481994025184,,,,Weak,nearest tower 7.11 km; 48 tower(s) within radius; village Ookla 25.5 Mbps; nearest Ookla tile 2.88 km
29,Vodafone Idea,Odisha,Koraput,Koraput,Kerenga,428971,18.79686748660104,82.61780944427245,lgd_master,11.0,8.61503908678038,,25.472,8.161,1.0,2.8823481994025184,,,,Weak,nearest tower 8.62 km; 11 tower(s) within radius; village Ookla 25.5 Mbps; nearest Ookla tile 2.88 km
56,Airtel,Odisha,Koraput,Koraput,Kerengaguda,428914,18.87309589369273,82.76083921597625,lgd_master,21.0,8.203959978356773,,1.184,0.547,1.0,3.0931843757031343,,,,Weak,nearest tower 8.20 km; 21 tower(s) within radius; village Ookla 1.2 Mbps; nearest Ookla tile 3.09 km
56,BSNL,Odisha,Koraput,Koraput,Kerengaguda,428914,18.87309589369273,82.76083921597625,lgd_master,46.0,4.183144091718093,,1.184,0.547,1.0,3.0931843757031343,,,,Moderate,nearest tower 4.18 km; 46 tower(s) within radius; village Ookla 1.2 Mbps; nearest Ookla tile 3.09 km
56,Jio,Odisha,Koraput,Koraput,Kerengaguda,428914,18.87309589369273,82.76083921597625,lgd_master,6.0,8.802722665454723,,1.184,0.547,1.0,3.0931843757031343,,,,Weak,nearest tower 8.80 km; 6 tower(s) within radius; village Ookla 1.2 Mbps; nearest Ookla tile 3.09 km
56,Vodafone Idea,Odisha,Koraput,Koraput,Kerengaguda,428914,18.87309589369273,82.76083921597625,lgd_master,,,,1.184,0.547,1.0,3.0931843757031343,,,,Unknown,village Ookla 1.2 Mbps; nearest Ookla tile 3.09 km
20,Airtel,Odisha,Koraput,Koraput,Khagadora,429986,18.77319449285517,82.9766447554487,lgd_master,24.0,3.4476101558880874,,113.212,12.785,4.0,1.5183042459017244,,,,Moderate,nearest tower 3.45 km; 24 tower(s) within radius; village Ookla 113.2 Mbps; nearest Ookla tile 1.52 km
20,BSNL,Odisha,Koraput,Koraput,Khagadora,429986,18.77319449285517,82.9766447554487,lgd_master,50.0,5.13103677249709,,113.212,12.785,4.0,1.5183042459017244,,,,Weak,nearest tower 5.13 km; 50 tower(s) within radius; village Ookla 113.2 Mbps; nearest Ookla tile 1.52 km
20,Jio,Odisha,Koraput,Koraput,Khagadora,429986,18.77319449285517,82.9766447554487,lgd_master,42.0,5.983515395822403,,113.212,12.785,4.0,1.5183042459017244,,,,Weak,nearest tower 5.98 km; 42 tower(s) within radius; village Ookla 113.2 Mbps; nearest Ookla tile 1.52 km
20,Vodafone Idea,Odisha,Koraput,Koraput,Khagadora,429986,18.77319449285517,82.9766447554487,lgd_master,4.0,5.983515395822403,,113.212,12.785,4.0,1.5183042459017244,,,,Weak,nearest tower 5.98 km; 4 tower(s) within radius; village Ookla 113.2 Mbps; nearest Ookla tile 1.52 km
86,Airtel,Odisha,Koraput,Koraput,Khaparaput,428972,18.80095046821547,82.64686370283411,lgd_master,89.0,3.2238929604727566,,25.472,8.161,1.0,0.9997992863430237,,,,Moderate,nearest tower 3.22 km; 89 tower(s) within radius; village Ookla 25.5 Mbps; nearest Ookla tile 1.00 km
86,BSNL,Odisha,Koraput,Koraput,Khaparaput,428972,18.80095046821547,82.64686370283411,lgd_master,66.0,3.2323513154890224,,25.472,8.161,1.0,0.9997992863430237,,,,Moderate,nearest tower 3.23 km; 66 tower(s) within radius; village Ookla 25.5 Mbps; nearest Ookla tile 1.00 km
86,Jio,Odisha,Koraput,Koraput,Khaparaput,428972,18.80095046821547,82.64686370283411,lgd_master,14.0,6.7303041039079385,,25.472,8.161,1.0,0.9997992863430237,,,,Weak,nearest tower 6.73 km; 14 tower(s) within radius; village Ookla 25.5 Mbps; nearest Ookla tile 1.00 km
86,Vodafone Idea,Odisha,Koraput,Koraput,Khaparaput,428972,18.80095046821547,82.64686370283411,lgd_master,,,,25.472,8.161,1.0,0.9997992863430237,,,,Moderate,village Ookla 25.5 Mbps; nearest Ookla tile 1.00 km
87,Airtel,Odisha,Koraput,Koraput,Khillaput,428976,18.79135261359865,82.6575098850127,lgd_master,58.0,3.4333809192983233,,42.577,9.879,1.0,0.0,,,,Moderate,nearest tower 3.43 km; 58 tower(s) within radius; village Ookla 42.6 Mbps
87,BSNL,Odisha,Koraput,Koraput,Khillaput,428976,18.79135261359865,82.6575098850127,lgd_master,41.0,4.350393586980682,,42.577,9.879,1.0,0.0,,,,Moderate,nearest tower 4.35 km; 41 tower(s) within radius; village Ookla 42.6 Mbps
87,Jio,Odisha,Koraput,Koraput,Khillaput,428976,18.79135261359865,82.6575098850127,lgd_master,7.0,5.905715029086517,,42.577,9.879,1.0,0.0,,,,Weak,nearest tower 5.91 km; 7 tower(s) within radius; village Ookla 42.6 Mbps
87,Vodafone Idea,Odisha,Koraput,Koraput,Khillaput,428976,18.79135261359865,82.6575098850127,lgd_master,,,,42.577,9.879,1.0,0.0,,,,Moderate,village Ookla 42.6 Mbps
34,Airtel,Odisha,Koraput,Koraput,Kholap,428988,18.75070584515515,82.70506802383231,lgd_master,51.0,4.257690942353423,,162.299,6.292,31.0,3.602141421276329,,,,Moderate,nearest tower 4.26 km; 51 tower(s) within radius; village Ookla 162.3 Mbps; nearest Ookla tile 3.60 km
34,BSNL,Odisha,Koraput,Koraput,Kholap,428988,18.75070584515515,82.70506802383231,lgd_master,49.0,3.824396503904571,,162.299,6.292,31.0,3.602141421276329,,,,Moderate,nearest tower 3.82 km; 49 tower(s) within radius; village Ookla 162.3 Mbps; nearest Ookla tile 3.60 km
34,Jio,Odisha,Koraput,Koraput,Kholap,428988,18.75070584515515,82.70506802383231,lgd_master,7.0,4.907170575606951,,162.299,6.292,31.0,3.602141421276329,,,,Moderate,nearest tower 4.91 km; 7 tower(s) within radius; village Ookla 162.3 Mbps; nearest Ookla tile 3.60 km
34,Vodafone Idea,Odisha,Koraput,Koraput,Kholap,428988,18.75070584515515,82.70506802383231,lgd_master,,,,162.299,6.292,31.0,3.602141421276329,,,,Moderate,village Ookla 162.3 Mbps; nearest Ookla tile 3.60 km
97,Airtel,Odisha,Koraput,Koraput,Koraput,953247,18.8030457350464,82.72153402577412,lgd_master,54.0,0.37391176367067513,,116.933,5.572,12.0,0.0,,,,Strong,nearest tower 0.37 km; 54 tower(s) within radius; village Ookla 116.9 Mbps
97,BSNL,Odisha,Koraput,Koraput,Koraput,953247,18.8030457350464,82.72153402577412,lgd_master,49.0,0.37391176367067513,,116.933,5.572,12.0,0.0,,,,Strong,nearest tower 0.37 km; 49 tower(s) within radius; village Ookla 116.9 Mbps
97,Jio,Odisha,Koraput,Koraput,Koraput,953247,18.8030457350464,82.72153402577412,lgd_master,7.0,1.4390335746527456,,116.933,5.572,12.0,0.0,,,,Strong,nearest tower 1.44 km; 7 tower(s) within radius; village Ookla 116.9 Mbps
97,Vodafone Idea,Odisha,Koraput,Koraput,Koraput,953247,18.8030457350464,82.72153402577412,lgd_master,,,,116.933,5.572,12.0,0.0,,,,Moderate,village Ookla 116.9 Mbps
98,Airtel,Odisha,Koraput,Koraput,Koraput Nagar,953246,18.81057468476444,82.7133249503658,lgd_master,56.0,0.3562122005996116,,74.21,6.843,16.0,0.0,,,,Strong,nearest tower 0.36 km; 56 tower(s) within radius; village Ookla 74.2 Mbps
98,BSNL,Odisha,Koraput,Koraput,Koraput Nagar,953246,18.81057468476444,82.7133249503658,lgd_master,50.0,0.3562122005996116,,74.21,6.843,16.0,0.0,,,,Strong,nearest tower 0.36 km; 50 tower(s) within radius; village Ookla 74.2 Mbps
98,Jio,Odisha,Koraput,Koraput,Koraput Nagar,953246,18.81057468476444,82.7133249503658,lgd_master,7.0,0.3562122005996116,,74.21,6.843,16.0,0.0,,,,Strong,nearest tower 0.36 km; 7 tower(s) within radius; village Ookla 74.2 Mbps
98,Vodafone Idea,Odisha,Koraput,Koraput,Koraput Nagar,953246,18.81057468476444,82.7133249503658,lgd_master,,,,74.21,6.843,16.0,0.0,,,,Moderate,village Ookla 74.2 Mbps
99,Airtel,Odisha,Koraput,Koraput,Kurumuli,959286,18.74735041005469,82.93977420361306,lgd_master,28.0,1.738796711384066,,10.476,0.706,1.0,1.5377241770604664,,,,Strong,nearest tower 1.74 km; 28 tower(s) within radius; village Ookla 10.5 Mbps; nearest Ookla tile 1.54 km
99,BSNL,Odisha,Koraput,Koraput,Kurumuli,959286,18.74735041005469,82.93977420361306,lgd_master,59.0,1.738796711384066,,10.476,0.706,1.0,1.5377241770604664,,,,Strong,nearest tower 1.74 km; 59 tower(s) within radius; village Ookla 10.5 Mbps; nearest Ookla tile 1.54 km
99,Jio,Odisha,Koraput,Koraput,Kurumuli,959286,18.74735041005469,82.93977420361306,lgd_master,44.0,2.1059308559170606,,10.476,0.706,1.0,1.5377241770604664,,,,Moderate,nearest tower 2.11 km; 44 tower(s) within radius; village Ookla 10.5 Mbps; nearest Ookla tile 1.54 km
99,Vodafone Idea,Odisha,Koraput,Koraput,Kurumuli,959286,18.74735041005469,82.93977420361306,lgd_master,4.0,2.5118869349971558,,10.476,0.706,1.0,1.5377241770604664,,,,Moderate,nearest tower 2.51 km; 4 tower(s) within radius; village Ookla 10.5 Mbps; nearest Ookla tile 1.54 km
46,Airtel,Odisha,Koraput,Koraput,Lachamani,429989,18.76559787801651,82.953146781281,lgd_master,23.0,2.518328021838113,,10.476,0.706,1.0,1.8301855557445943,,,,Moderate,nearest tower 2.52 km; 23 tower(s) within radius; village Ookla 10.5 Mbps; nearest Ookla tile 1.83 km
46,BSNL,Odisha,Koraput,Koraput,Lachamani,429989,18.76559787801651,82.953146781281,lgd_master,52.0,2.518328021838113,,10.476,0.706,1.0,1.8301855557445943,,,,Moderate,nearest tower 2.52 km; 52 tower(s) within radius; village Ookla 10.5 Mbps; nearest Ookla tile 1.83 km
46,Jio,Odisha,Koraput,Koraput,Lachamani,429989,18.76559787801651,82.953146781281,lgd_master,42.0,3.52911466832649,,10.476,0.706,1.0,1.8301855557445943,,,,Moderate,nearest tower 3.53 km; 42 tower(s) within radius; village Ookla 10.5 Mbps; nearest Ookla tile 1.83 km
46,Vodafone Idea,Odisha,Koraput,Koraput,Lachamani,429989,18.76559787801651,82.953146781281,lgd_master,4.0,3.52911466832649,,10.476,0.706,1.0,1.8301855557445943,,,,Moderate,nearest tower 3.53 km; 4 tower(s) within radius; village Ookla 10.5 Mbps; nearest Ookla tile 1.83 km
100,Airtel,Odisha,Koraput,Koraput,Landiguda,953245,18.77548206252675,82.73518017213843,lgd_master,54.0,0.7129717682293719,,277.166,16.819,6.0,0.31504343403251567,,,,Strong,nearest tower 0.71 km; 54 tower(s) within radius; village Ookla 277.2 Mbps; nearest Ookla tile 0.32 km
100,BSNL,Odisha,Koraput,Koraput,Landiguda,953245,18.77548206252675,82.73518017213843,lgd_master,57.0,0.740528249084428,,277.166,16.819,6.0,0.31504343403251567,,,,Strong,nearest tower 0.74 km; 57 tower(s) within radius; village Ookla 277.2 Mbps; nearest Ookla tile 0.32 km
100,Jio,Odisha,Koraput,Koraput,Landiguda,953245,18.77548206252675,82.73518017213843,lgd_master,7.0,0.7129717682293719,,277.166,16.819,6.0,0.31504343403251567,,,,Strong,nearest tower 0.71 km; 7 tower(s) within radius; village Ookla 277.2 Mbps; nearest Ookla tile 0.32 km
100,Vodafone Idea,Odisha,Koraput,Koraput,Landiguda,953245,18.77548206252675,82.73518017213843,lgd_master,,,,277.166,16.819,6.0,0.31504343403251567,,,,Moderate,village Ookla 277.2 Mbps; nearest Ookla tile 0.32 km
35,Airtel,Odisha,Koraput,Koraput,Lankaput,428982,18.77952650352421,82.67860675842776,lgd_master,59.0,4.011090917871147,,42.577,9.879,1.0,2.0067967273585774,,,,Moderate,nearest tower 4.01 km; 59 tower(s) within radius; village Ookla 42.6 Mbps; nearest Ookla tile 2.01 km
35,BSNL,Odisha,Koraput,Koraput,Lankaput,428982,18.77952650352421,82.67860675842776,lgd_master,45.0,4.011090917871147,,42.577,9.879,1.0,2.0067967273585774,,,,Moderate,nearest tower 4.01 km; 45 tower(s) within radius; village Ookla 42.6 Mbps; nearest Ookla tile 2.01 km
35,Jio,Odisha,Koraput,Koraput,Lankaput,428982,18.77952650352421,82.67860675842776,lgd_master,7.0,4.725490451182197,,42.577,9.879,1.0,2.0067967273585774,,,,Moderate,nearest tower 4.73 km; 7 tower(s) within radius; village Ookla 42.6 Mbps; nearest Ookla tile 2.01 km
35,Vodafone Idea,Odisha,Koraput,Koraput,Lankaput,428982,18.77952650352421,82.67860675842776,lgd_master,,,,42.577,9.879,1.0,2.0067967273585774,,,,Moderate,village Ookla 42.6 Mbps; nearest Ookla tile 2.01 km
14,Airtel,Odisha,Koraput,Koraput,Lauriguda,428969,18.82252856660006,82.61955367334059,lgd_master,195.0,0.8283168394456842,,218.213,8.276,6.0,3.7887989373028965,,,,Strong,nearest tower 0.83 km; 195 tower(s) within radius; village Ookla 218.2 Mbps; nearest Ookla tile 3.79 km
14,BSNL,Odisha,Koraput,Koraput,Lauriguda,428969,18.82252856660006,82.61955367334059,lgd_master,119.0,1.3769972451121004,,218.213,8.276,6.0,3.7887989373028965,,,,Strong,nearest tower 1.38 km; 119 tower(s) within radius; village Ookla 218.2 Mbps; nearest Ookla tile 3.79 km
14,Jio,Odisha,Koraput,Koraput,Lauriguda,428969,18.82252856660006,82.61955367334059,lgd_master,47.0,5.186757690125601,,218.213,8.276,6.0,3.7887989373028965,,,,Weak,nearest tower 5.19 km; 47 tower(s) within radius; village Ookla 218.2 Mbps; nearest Ookla tile 3.79 km
14,Vodafone Idea,Odisha,Koraput,Koraput,Lauriguda,428969,18.82252856660006,82.61955367334059,lgd_master,13.0,6.668875419375252,,218.213,8.276,6.0,3.7887989373028965,,,,Weak,nearest tower 6.67 km; 13 tower(s) within radius; village Ookla 218.2 Mbps; nearest Ookla tile 3.79 km
80,Airtel,Odisha,Koraput,Koraput,Limika,428999,18.80361996648315,82.77286284921422,lgd_master,60.0,2.9453085212767447,,133.629,48.62,1.0,3.2371772648652146,,,,Moderate,nearest tower 2.95 km; 60 tower(s) within radius; village Ookla 133.6 Mbps; nearest Ookla tile 3.24 km
80,BSNL,Odisha,Koraput,Koraput,Limika,428999,18.80361996648315,82.77286284921422,lgd_master,68.0,1.9630570741266293,,133.629,48.62,1.0,3.2371772648652146,,,,Strong,nearest tower 1.96 km; 68 tower(s) within radius; village Ookla 133.6 Mbps; nearest Ookla tile 3.24 km
80,Jio,Odisha,Koraput,Koraput,Limika,428999,18.80361996648315,82.77286284921422,lgd_master,8.0,4.3403932150579525,,133.629,48.62,1.0,3.2371772648652146,,,,Moderate,nearest tower 4.34 km; 8 tower(s) within radius; village Ookla 133.6 Mbps; nearest Ookla tile 3.24 km
80,Vodafone Idea,Odisha,Koraput,Koraput,Limika,428999,18.80361996648315,82.77286284921422,lgd_master,3.0,9.985314383519567,,133.629,48.62,1.0,3.2371772648652146,,,,Weak,nearest tower 9.99 km; 3 tower(s) within radius; village Ookla 133.6 Mbps; nearest Ookla tile 3.24 km
57,Airtel,Odisha,Koraput,Koraput,Litiguda,428894,18.91516866170149,82.73533549307939,lgd_master,,,,1.184,0.547,1.0,2.133715334264143,,,,Unknown,village Ookla 1.2 Mbps; nearest Ookla tile 2.13 km
57,BSNL,Odisha,Koraput,Koraput,Litiguda,428894,18.91516866170149,82.73533549307939,lgd_master,3.0,9.275222284833236,,1.184,0.547,1.0,2.133715334264143,,,,Weak,nearest tower 9.28 km; 3 tower(s) within radius; village Ookla 1.2 Mbps; nearest Ookla tile 2.13 km
57,Jio,Odisha,Koraput,Koraput,Litiguda,428894,18.91516866170149,82.73533549307939,lgd_master,,,,1.184,0.547,1.0,2.133715334264143,,,,Unknown,village Ookla 1.2 Mbps; nearest Ookla tile 2.13 km
57,Vodafone Idea,Odisha,Koraput,Koraput,Litiguda,428894,18.91516866170149,82.73533549307939,lgd_master,,,,1.184,0.547,1.0,2.133715334264143,,,,Unknown,village Ookla 1.2 Mbps; nearest Ookla tile 2.13 km
81,Airtel,Odisha,Koraput,Koraput,Machhaput,429004,18.76335071578966,82.75906971621936,lgd_master,68.0,0.742530604574686,,277.166,16.819,6.0,2.1781103773258383,,,,Strong,nearest tower 0.74 km; 68 tower(s) within radius; village Ookla 277.2 Mbps; nearest Ookla tile 2.18 km
81,BSNL,Odisha,Koraput,Koraput,Machhaput,429004,18.76335071578966,82.75906971621936,lgd_master,88.0,1.481069297094902,,277.166,16.819,6.0,2.1781103773258383,,,,Strong,nearest tower 1.48 km; 88 tower(s) within radius; village Ookla 277.2 Mbps; nearest Ookla tile 2.18 km
81,Jio,Odisha,Koraput,Koraput,Machhaput,429004,18.76335071578966,82.75906971621936,lgd_master,10.0,2.7274781757962545,,277.166,16.819,6.0,2.1781103773258383,,,,Moderate,nearest tower 2.73 km; 10 tower(s) within radius; village Ookla 277.2 Mbps; nearest Ookla tile 2.18 km
81,Vodafone Idea,Odisha,Koraput,Koraput,Machhaput,429004,18.76335071578966,82.75906971621936,lgd_master,4.0,8.34135809580178,,277.166,16.819,6.0,2.1781103773258383,,,,Weak,nearest tower 8.34 km; 4 tower(s) within radius; village Ookla 277.2 Mbps; nearest Ookla tile 2.18 km
88,Airtel,Odisha,Koraput,Koraput,Machhara-I,428973,18.81659764251127,82.65355221304246,lgd_master,94.0,1.5299859468224872,,42.502,12.975,1.0,1.076631644946069,,,,Strong,nearest tower 1.53 km; 94 tower(s) within radius; village Ookla 42.5 Mbps; nearest Ookla tile 1.08 km
88,BSNL,Odisha,Koraput,Koraput,Machhara-I,428973,18.81659764251127,82.65355221304246,lgd_master,67.0,1.5299859468224872,,42.502,12.975,1.0,1.076631644946069,,,,Strong,nearest tower 1.53 km; 67 tower(s) within radius; village Ookla 42.5 Mbps; nearest Ookla tile 1.08 km
88,Jio,Odisha,Koraput,Koraput,Machhara-I,428973,18.81659764251127,82.65355221304246,lgd_master,15.0,5.994677159177655,,42.502,12.975,1.0,1.076631644946069,,,,Weak,nearest tower 5.99 km; 15 tower(s) within radius; village Ookla 42.5 Mbps; nearest Ookla tile 1.08 km
88,Vodafone Idea,Odisha,Koraput,Koraput,Machhara-I,428973,18.81659764251127,82.65355221304246,lgd_master,,,,42.502,12.975,1.0,1.076631644946069,,,,Moderate,village Ookla 42.5 Mbps; nearest Ookla tile 1.08 km
58,Airtel,Odisha,Koraput,Koraput,Machhara-Ii,428960,18.84913086794268,82.73543808266558,lgd_master,53.0,4.626991531605875,,217.191,30.014,5.0,3.4895551796207456,,,,Moderate,nearest tower 4.63 km; 53 tower(s) within radius; village Ookla 217.2 Mbps; nearest Ookla tile 3.49 km
58,BSNL,Odisha,Koraput,Koraput,Machhara-Ii,428960,18.84913086794268,82.73543808266558,lgd_master,47.0,2.6153032067122632,,217.191,30.014,5.0,3.4895551796207456,,,,Moderate,nearest tower 2.62 km; 47 tower(s) within radius; village Ookla 217.2 Mbps; nearest Ookla tile 3.49 km
58,Jio,Odisha,Koraput,Koraput,Machhara-Ii,428960,18.84913086794268,82.73543808266558,lgd_master,7.0,5.094105049878673,,217.191,30.014,5.0,3.4895551796207456,,,,Weak,nearest tower 5.09 km; 7 tower(s) within radius; village Ookla 217.2 Mbps; nearest Ookla tile 3.49 km
58,Vodafone Idea,Odisha,Koraput,Koraput,Machhara-Ii,428960,18.84913086794268,82.73543808266558,lgd_master,,,,217.191,30.014,5.0,3.4895551796207456,,,,Moderate,village Ookla 217.2 Mbps; nearest Ookla tile 3.49 km
59,Airtel,Odisha,Koraput,Koraput,Mahadeiput,428923,18.87354551919421,82.73017767257531,lgd_master,38.0,6.726364892132114,,1.184,0.547,1.0,1.9146505054736909,,,,Weak,nearest tower 6.73 km; 38 tower(s) within radius; village Ookla 1.2 Mbps; nearest Ookla tile 1.91 km
59,BSNL,Odisha,Koraput,Koraput,Mahadeiput,428923,18.87354551919421,82.73017767257531,lgd_master,44.0,5.2533522560654395,,1.184,0.547,1.0,1.9146505054736909,,,,Weak,nearest tower 5.25 km; 44 tower(s) within radius; village Ookla 1.2 Mbps; nearest Ookla tile 1.91 km
59,Jio,Odisha,Koraput,Koraput,Mahadeiput,428923,18.87354551919421,82.73017767257531,lgd_master,6.0,7.348341184314499,,1.184,0.547,1.0,1.9146505054736909,,,,Weak,nearest tower 7.35 km; 6 tower(s) within radius; village Ookla 1.2 Mbps; nearest Ookla tile 1.91 km
59,Vodafone Idea,Odisha,Koraput,Koraput,Mahadeiput,428923,18.87354551919421,82.73017767257531,lgd_master,,,,1.184,0.547,1.0,1.9146505054736909,,,,Unknown,village Ookla 1.2 Mbps; nearest Ookla tile 1.91 km
66,Airtel,Odisha,Koraput,Koraput,Manbar,428998,18.83216994147649,82.68660496221584,lgd_master,60.0,1.3937966667575727,,539.289,57.4,3.0,1.3793061225396301,,,,Strong,nearest tower 1.39 km; 60 tower(s) within radius; village Ookla 539.3 Mbps; nearest Ookla tile 1.38 km
66,BSNL,Odisha,Koraput,Koraput,Manbar,428998,18.83216994147649,82.68660496221584,lgd_master,47.0,1.3937966667575727,,539.289,57.4,3.0,1.3793061225396301,,,,Strong,nearest tower 1.39 km; 47 tower(s) within radius; village Ookla 539.3 Mbps; nearest Ookla tile 1.38 km
66,Jio,Odisha,Koraput,Koraput,Manbar,428998,18.83216994147649,82.68660496221584,lgd_master,7.0,3.478905377744559,,539.289,57.4,3.0,1.3793061225396301,,,,Moderate,nearest tower 3.48 km; 7 tower(s) within radius; village Ookla 539.3 Mbps; nearest Ookla tile 1.38 km
66,Vodafone Idea,Odisha,Koraput,Koraput,Manbar,428998,18.83216994147649,82.68660496221584,lgd_master,,,,539.289,57.4,3.0,1.3793061225396301,,,,Moderate,village Ookla 539.3 Mbps; nearest Ookla tile 1.38 km
60,Airtel,Odisha,Koraput,Koraput,Mandaguda,428961,18.86088361928643,82.72705797825574,lgd_master,49.0,5.348990809658074,,1.184,0.547,1.0,3.3501608759549235,,,,Weak,nearest tower 5.35 km; 49 tower(s) within radius; village Ookla 1.2 Mbps; nearest Ookla tile 3.35 km
60,BSNL,Odisha,Koraput,Koraput,Mandaguda,428961,18.86088361928643,82.72705797825574,lgd_master,45.0,4.187204190720773,,1.184,0.547,1.0,3.3501608759549235,,,,Moderate,nearest tower 4.19 km; 45 tower(s) within radius; village Ookla 1.2 Mbps; nearest Ookla tile 3.35 km
60,Jio,Odisha,Koraput,Koraput,Mandaguda,428961,18.86088361928643,82.72705797825574,lgd_master,7.0,5.912318421961337,,1.184,0.547,1.0,3.3501608759549235,,,,Weak,nearest tower 5.91 km; 7 tower(s) within radius; village Ookla 1.2 Mbps; nearest Ookla tile 3.35 km
60,Vodafone Idea,Odisha,Koraput,Koraput,Mandaguda,428961,18.86088361928643,82.72705797825574,lgd_master,,,,1.184,0.547,1.0,3.3501608759549235,,,,Unknown,village Ookla 1.2 Mbps; nearest Ookla tile 3.35 km
28,Airtel,Odisha,Koraput,Koraput,Mangara,428920,18.88672051746974,82.67721543908273,lgd_master,32.0,6.902311598787233,,213.281,38.197,2.0,2.5144666815257555,,,,Weak,nearest tower 6.90 km; 32 tower(s) within radius; village Ookla 213.3 Mbps; nearest Ookla tile 2.51 km
28,BSNL,Odisha,Koraput,Koraput,Mangara,428920,18.88672051746974,82.67721543908273,lgd_master,22.0,4.0751349219506725,,213.281,38.197,2.0,2.5144666815257555,,,,Moderate,nearest tower 4.08 km; 22 tower(s) within radius; village Ookla 213.3 Mbps; nearest Ookla tile 2.51 km
28,Jio,Odisha,Koraput,Koraput,Mangara,428920,18.88672051746974,82.67721543908273,lgd_master,5.0,9.168103219315425,,213.281,38.197,2.0,2.5144666815257555,,,,Weak,nearest tower 9.17 km; 5 tower(s) within radius; village Ookla 213.3 Mbps; nearest Ookla tile 2.51 km
28,Vodafone Idea,Odisha,Koraput,Koraput,Mangara,428920,18.88672051746974,82.67721543908273,lgd_master,,,,213.281,38.197,2.0,2.5144666815257555,,,,Moderate,village Ookla 213.3 Mbps; nearest Ookla tile 2.51 km
48,Airtel,Odisha,Koraput,Koraput,Marichamala,429992,18.73223686255411,82.91957556655096,lgd_master,45.0,1.9669025085183272,,87.023,11.861,13.0,1.0437904634516446,,,,Strong,nearest tower 1.97 km; 45 tower(s) within radius; village Ookla 87.0 Mbps; nearest Ookla tile 1.04 km
48,BSNL,Odisha,Koraput,Koraput,Marichamala,429992,18.73223686255411,82.91957556655096,lgd_master,81.0,1.1270201211504016,,87.023,11.861,13.0,1.0437904634516446,,,,Strong,nearest tower 1.13 km; 81 tower(s) within radius; village Ookla 87.0 Mbps; nearest Ookla tile 1.04 km
48,Jio,Odisha,Koraput,Koraput,Marichamala,429992,18.73223686255411,82.91957556655096,lgd_master,46.0,1.326071298465917,,87.023,11.861,13.0,1.0437904634516446,,,,Strong,nearest tower 1.33 km; 46 tower(s) within radius; village Ookla 87.0 Mbps; nearest Ookla tile 1.04 km
48,Vodafone Idea,Odisha,Koraput,Koraput,Marichamala,429992,18.73223686255411,82.91957556655096,lgd_master,9.0,3.0737283240798736,,87.023,11.861,13.0,1.0437904634516446,,,,Moderate,nearest tower 3.07 km; 9 tower(s) within radius; village Ookla 87.0 Mbps; nearest Ookla tile 1.04 km
73,Airtel,Odisha,Koraput,Koraput,Mastiput,428956,18.83833494275406,82.75118122475186,lgd_master,51.0,4.543021733818069,,109.034,11.624,21.0,4.066577603200536,,,,Moderate,nearest tower 4.54 km; 51 tower(s) within radius; village Ookla 109.0 Mbps; nearest Ookla tile 4.07 km
73,BSNL,Odisha,Koraput,Koraput,Mastiput,428956,18.83833494275406,82.75118122475186,lgd_master,51.0,0.9309767366695896,,109.034,11.624,21.0,4.066577603200536,,,,Strong,nearest tower 0.93 km; 51 tower(s) within radius; village Ookla 109.0 Mbps; nearest Ookla tile 4.07 km
73,Jio,Odisha,Koraput,Koraput,Mastiput,428956,18.83833494275406,82.75118122475186,lgd_master,7.0,5.355213265135358,,109.034,11.624,21.0,4.066577603200536,,,,Weak,nearest tower 5.36 km; 7 tower(s) within radius; village Ookla 109.0 Mbps; nearest Ookla tile 4.07 km
73,Vodafone Idea,Odisha,Koraput,Koraput,Mastiput,428956,18.83833494275406,82.75118122475186,lgd_master,,,,109.034,11.624,21.0,4.066577603200536,,,,Moderate,village Ookla 109.0 Mbps; nearest Ookla tile 4.07 km
21,Airtel,Odisha,Koraput,Koraput,Matiagumandi,430001,18.73032845824943,83.03367544292317,lgd_master,,,,,,,,,,,Unknown,No tower or Ookla evidence available.
21,BSNL,Odisha,Koraput,Koraput,Matiagumandi,430001,18.73032845824943,83.03367544292317,lgd_master,,,,,,,,,,,Unknown,No tower or Ookla evidence available.
21,Jio,Odisha,Koraput,Koraput,Matiagumandi,430001,18.73032845824943,83.03367544292317,lgd_master,,,,,,,,,,,Unknown,No tower or Ookla evidence available.
21,Vodafone Idea,Odisha,Koraput,Koraput,Matiagumandi,430001,18.73032845824943,83.03367544292317,lgd_master,,,,,,,,,,,Unknown,No tower or Ookla evidence available.
67,Airtel,Odisha,Koraput,Koraput,Mendhaguda,428965,18.85678586433922,82.66373849331417,lgd_master,152.0,3.2995057688480074,,213.281,38.197,2.0,2.0630109692667085,,,,Moderate,nearest tower 3.30 km; 152 tower(s) within radius; village Ookla 213.3 Mbps; nearest Ookla tile 2.06 km
67,BSNL,Odisha,Koraput,Koraput,Mendhaguda,428965,18.85678586433922,82.66373849331417,lgd_master,105.0,1.8710558841366953,,213.281,38.197,2.0,2.0630109692667085,,,,Strong,nearest tower 1.87 km; 105 tower(s) within radius; village Ookla 213.3 Mbps; nearest Ookla tile 2.06 km
67,Jio,Odisha,Koraput,Koraput,Mendhaguda,428965,18.85678586433922,82.66373849331417,lgd_master,24.0,7.112782291824983,,213.281,38.197,2.0,2.0630109692667085,,,,Weak,nearest tower 7.11 km; 24 tower(s) within radius; village Ookla 213.3 Mbps; nearest Ookla tile 2.06 km
67,Vodafone Idea,Odisha,Koraput,Koraput,Mendhaguda,428965,18.85678586433922,82.66373849331417,lgd_master,11.0,9.884230468301935,,213.281,38.197,2.0,2.0630109692667085,,,,Weak,nearest tower 9.88 km; 11 tower(s) within radius; village Ookla 213.3 Mbps; nearest Ookla tile 2.06 km
82,Airtel,Odisha,Koraput,Koraput,Mohanapada,429972,18.77372499998567,82.817459585698,lgd_master,60.0,2.0141408794056517,,349.909,11.155,1.0,1.664725415523238,,,,Moderate,nearest tower 2.01 km; 60 tower(s) within radius; village Ookla 349.9 Mbps; nearest Ookla tile 1.66 km
82,BSNL,Odisha,Koraput,Koraput,Mohanapada,429972,18.77372499998567,82.817459585698,lgd_master,101.0,3.9604957420786273,,349.909,11.155,1.0,1.664725415523238,,,,Moderate,nearest tower 3.96 km; 101 tower(s) within radius; village Ookla 349.9 Mbps; nearest Ookla tile 1.66 km
82,Jio,Odisha,Koraput,Koraput,Mohanapada,429972,18.77372499998567,82.817459585698,lgd_master,25.0,3.5421062978607187,,349.909,11.155,1.0,1.664725415523238,,,,Moderate,nearest tower 3.54 km; 25 tower(s) within radius; village Ookla 349.9 Mbps; nearest Ookla tile 1.66 km
82,Vodafone Idea,Odisha,Koraput,Koraput,Mohanapada,429972,18.77372499998567,82.817459585698,lgd_master,4.0,4.42566471900773,,349.909,11.155,1.0,1.664725415523238,,,,Moderate,nearest tower 4.43 km; 4 tower(s) within radius; village Ookla 349.9 Mbps; nearest Ookla tile 1.66 km
5,Airtel,Odisha,Koraput,Koraput,Mundar,428996,18.68479240296503,82.71344070868896,lgd_master,5.0,9.174330797746617,,17.169,10.645,1.0,3.8891729944549382,,,,Weak,nearest tower 9.17 km; 5 tower(s) within radius; village Ookla 17.2 Mbps; nearest Ookla tile 3.89 km
5,BSNL,Odisha,Koraput,Koraput,Mundar,428996,18.68479240296503,82.71344070868896,lgd_master,18.0,6.586265078754055,,17.169,10.645,1.0,3.8891729944549382,,,,Weak,nearest tower 6.59 km; 18 tower(s) within radius; village Ookla 17.2 Mbps; nearest Ookla tile 3.89 km
5,Jio,Odisha,Koraput,Koraput,Mundar,428996,18.68479240296503,82.71344070868896,lgd_master,1.0,9.28471303770968,,17.169,10.645,1.0,3.8891729944549382,,,,Weak,nearest tower 9.28 km; 1 tower(s) within radius; village Ookla 17.2 Mbps; nearest Ookla tile 3.89 km
5,Vodafone Idea,Odisha,Koraput,Koraput,Mundar,428996,18.68479240296503,82.71344070868896,lgd_master,,,,17.169,10.645,1.0,3.8891729944549382,,,,Moderate,village Ookla 17.2 Mbps; nearest Ookla tile 3.89 km
83,Airtel,Odisha,Koraput,Koraput,Nighamaniguda,429002,18.77428298869042,82.7830202327874,lgd_master,68.0,2.473070292660402,,133.629,48.62,1.0,1.0728066547741133,,,,Moderate,nearest tower 2.47 km; 68 tower(s) within radius; village Ookla 133.6 Mbps; nearest Ookla tile 1.07 km
83,BSNL,Odisha,Koraput,Koraput,Nighamaniguda,429002,18.77428298869042,82.7830202327874,lgd_master,90.0,1.5116293206611078,,133.629,48.62,1.0,1.0728066547741133,,,,Strong,nearest tower 1.51 km; 90 tower(s) within radius; village Ookla 133.6 Mbps; nearest Ookla tile 1.07 km
83,Jio,Odisha,Koraput,Koraput,Nighamaniguda,429002,18.77428298869042,82.7830202327874,lgd_master,10.0,4.579734611401858,,133.629,48.62,1.0,1.0728066547741133,,,,Moderate,nearest tower 4.58 km; 10 tower(s) within radius; village Ookla 133.6 Mbps; nearest Ookla tile 1.07 km
83,Vodafone Idea,Odisha,Koraput,Koraput,Nighamaniguda,429002,18.77428298869042,82.7830202327874,lgd_master,4.0,6.969337949360155,,133.629,48.62,1.0,1.0728066547741133,,,,Weak,nearest tower 6.97 km; 4 tower(s) within radius; village Ookla 133.6 Mbps; nearest Ookla tile 1.07 km
89,Airtel,Odisha,Koraput,Koraput,Padeiguda,428966,18.83951327553939,82.66576193025335,lgd_master,77.0,1.9668231990323195,,42.502,12.975,1.0,1.2393745347846017,,,,Strong,nearest tower 1.97 km; 77 tower(s) within radius; village Ookla 42.5 Mbps; nearest Ookla tile 1.24 km
89,BSNL,Odisha,Koraput,Koraput,Padeiguda,428966,18.83951327553939,82.66576193025335,lgd_master,59.0,1.8970792950650788,,42.502,12.975,1.0,1.2393745347846017,,,,Strong,nearest tower 1.90 km; 59 tower(s) within radius; village Ookla 42.5 Mbps; nearest Ookla tile 1.24 km
89,Jio,Odisha,Koraput,Koraput,Padeiguda,428966,18.83951327553939,82.66576193025335,lgd_master,7.0,5.693239853134975,,42.502,12.975,1.0,1.2393745347846017,,,,Weak,nearest tower 5.69 km; 7 tower(s) within radius; village Ookla 42.5 Mbps; nearest Ookla tile 1.24 km
89,Vodafone Idea,Odisha,Koraput,Koraput,Padeiguda,428966,18.83951327553939,82.66576193025335,lgd_master,,,,42.502,12.975,1.0,1.2393745347846017,,,,Moderate,village Ookla 42.5 Mbps; nearest Ookla tile 1.24 km
84,Airtel,Odisha,Koraput,Koraput,Padmapur,429001,18.78823835712643,82.8044770004554,lgd_master,63.0,4.124690921839827,,349.909,11.155,1.0,0.17713503674967254,,,,Moderate,nearest tower 4.12 km; 63 tower(s) within radius; village Ookla 349.9 Mbps; nearest Ookla tile 0.18 km
84,BSNL,Odisha,Koraput,Koraput,Padmapur,429001,18.78823835712643,82.8044770004554,lgd_master,84.0,3.7475964923094396,,349.909,11.155,1.0,0.17713503674967254,,,,Moderate,nearest tower 3.75 km; 84 tower(s) within radius; village Ookla 349.9 Mbps; nearest Ookla tile 0.18 km
84,Jio,Odisha,Koraput,Koraput,Padmapur,429001,18.78823835712643,82.8044770004554,lgd_master,11.0,5.652118567110273,,349.909,11.155,1.0,0.17713503674967254,,,,Weak,nearest tower 5.65 km; 11 tower(s) within radius; village Ookla 349.9 Mbps; nearest Ookla tile 0.18 km
84,Vodafone Idea,Odisha,Koraput,Koraput,Padmapur,429001,18.78823835712643,82.8044770004554,lgd_master,4.0,6.522550778250189,,349.909,11.155,1.0,0.17713503674967254,,,,Weak,nearest tower 6.52 km; 4 tower(s) within radius; village Ookla 349.9 Mbps; nearest Ookla tile 0.18 km
36,Airtel,Odisha,Koraput,Koraput,Paidaput,428986,18.72393480513461,82.67046816941169,lgd_master,26.0,8.930796947542305,,17.169,10.645,1.0,2.8443788752952592,,,,Weak,nearest tower 8.93 km; 26 tower(s) within radius; village Ookla 17.2 Mbps; nearest Ookla tile 2.84 km
36,BSNL,Odisha,Koraput,Koraput,Paidaput,428986,18.72393480513461,82.67046816941169,lgd_master,20.0,8.348630080949395,,17.169,10.645,1.0,2.8443788752952592,,,,Weak,nearest tower 8.35 km; 20 tower(s) within radius; village Ookla 17.2 Mbps; nearest Ookla tile 2.84 km
36,Jio,Odisha,Koraput,Koraput,Paidaput,428986,18.72393480513461,82.67046816941169,lgd_master,3.0,9.605679439246314,,17.169,10.645,1.0,2.8443788752952592,,,,Weak,nearest tower 9.61 km; 3 tower(s) within radius; village Ookla 17.2 Mbps; nearest Ookla tile 2.84 km
36,Vodafone Idea,Odisha,Koraput,Koraput,Paidaput,428986,18.72393480513461,82.67046816941169,lgd_master,,,,17.169,10.645,1.0,2.8443788752952592,,,,Moderate,village Ookla 17.2 Mbps; nearest Ookla tile 2.84 km
22,Airtel,Odisha,Koraput,Koraput,Palijodipodar,430000,18.74347169569859,83.01520338374497,lgd_master,2.0,8.546838082401665,,14.076,2.961,1.0,4.899328237907439,,,,Weak,nearest tower 8.55 km; 2 tower(s) within radius; village Ookla 14.1 Mbps; nearest Ookla tile 4.90 km
22,BSNL,Odisha,Koraput,Koraput,Palijodipodar,430000,18.74347169569859,83.01520338374497,lgd_master,2.0,9.10937201241429,,14.076,2.961,1.0,4.899328237907439,,,,Weak,nearest tower 9.11 km; 2 tower(s) within radius; village Ookla 14.1 Mbps; nearest Ookla tile 4.90 km
22,Jio,Odisha,Koraput,Koraput,Palijodipodar,430000,18.74347169569859,83.01520338374497,lgd_master,,,,14.076,2.961,1.0,4.899328237907439,,,,Moderate,village Ookla 14.1 Mbps; nearest Ookla tile 4.90 km
22,Vodafone Idea,Odisha,Koraput,Koraput,Palijodipodar,430000,18.74347169569859,83.01520338374497,lgd_master,,,,14.076,2.961,1.0,4.899328237907439,,,,Moderate,village Ookla 14.1 Mbps; nearest Ookla tile 4.90 km
61,Airtel,Odisha,Koraput,Koraput,Panasput,428917,18.89293248351812,82.72104263686781,lgd_master,17.0,8.371956612782519,,1.184,0.547,1.0,1.211778968874161,,,,Weak,nearest tower 8.37 km; 17 tower(s) within radius; village Ookla 1.2 Mbps; nearest Ookla tile 1.21 km
61,BSNL,Odisha,Koraput,Koraput,Panasput,428917,18.89293248351812,82.72104263686781,lgd_master,25.0,6.425491946527252,,1.184,0.547,1.0,1.211778968874161,,,,Weak,nearest tower 6.43 km; 25 tower(s) within radius; village Ookla 1.2 Mbps; nearest Ookla tile 1.21 km
61,Jio,Odisha,Koraput,Koraput,Panasput,428917,18.89293248351812,82.72104263686781,lgd_master,4.0,9.25332620086202,,1.184,0.547,1.0,1.211778968874161,,,,Weak,nearest tower 9.25 km; 4 tower(s) within radius; village Ookla 1.2 Mbps; nearest Ookla tile 1.21 km
61,Vodafone Idea,Odisha,Koraput,Koraput,Panasput,428917,18.89293248351812,82.72104263686781,lgd_master,,,,1.184,0.547,1.0,1.211778968874161,,,,Unknown,village Ookla 1.2 Mbps; nearest Ookla tile 1.21 km
37,Airtel,Odisha,Koraput,Koraput,Pandi,428981,18.76826404940114,82.66180974294632,lgd_master,55.0,5.791247976656023,,42.577,9.879,1.0,2.0437850885758952,,,,Weak,nearest tower 5.79 km; 55 tower(s) within radius; village Ookla 42.6 Mbps; nearest Ookla tile 2.04 km
37,BSNL,Odisha,Koraput,Koraput,Pandi,428981,18.76826404940114,82.66180974294632,lgd_master,38.0,6.127892077374397,,42.577,9.879,1.0,2.0437850885758952,,,,Weak,nearest tower 6.13 km; 38 tower(s) within radius; village Ookla 42.6 Mbps; nearest Ookla tile 2.04 km
37,Jio,Odisha,Koraput,Koraput,Pandi,428981,18.76826404940114,82.66180974294632,lgd_master,7.0,6.866699103482673,,42.577,9.879,1.0,2.0437850885758952,,,,Weak,nearest tower 6.87 km; 7 tower(s) within radius; village Ookla 42.6 Mbps; nearest Ookla tile 2.04 km
37,Vodafone Idea,Odisha,Koraput,Koraput,Pandi,428981,18.76826404940114,82.66180974294632,lgd_master,,,,42.577,9.879,1.0,2.0437850885758952,,,,Moderate,village Ookla 42.6 Mbps; nearest Ookla tile 2.04 km
6,Airtel,Odisha,Koraput,Koraput,Parajamundar,428994,18.7000103153372,82.73512457166579,lgd_master,27.0,6.8231062223349985,,,,,,,,,Weak,nearest tower 6.82 km; 27 tower(s) within radius
6,BSNL,Odisha,Koraput,Koraput,Parajamundar,428994,18.7000103153372,82.73512457166579,lgd_master,38.0,3.8412083232250476,,,,,,,,,Moderate,nearest tower 3.84 km; 38 tower(s) within radius
6,Jio,Odisha,Koraput,Koraput,Parajamundar,428994,18.7000103153372,82.73512457166579,lgd_master,4.0,6.843214408537138,,,,,,,,,Weak,nearest tower 6.84 km; 4 tower(s) within radius
6,Vodafone Idea,Odisha,Koraput,Koraput,Parajamundar,428994,18.7000103153372,82.73512457166579,lgd_master,,,,,,,,,,,Unknown,No tower or Ookla evidence available.
23,Airtel,Odisha,Koraput,Koraput,Pendajam,429996,18.72135707678068,82.98996095865871,lgd_master,20.0,7.634953361050608,,8.575,2.231,1.0,2.6024395225938073,,,,Weak,nearest tower 7.63 km; 20 tower(s) within radius; village Ookla 8.6 Mbps; nearest Ookla tile 2.60 km
23,BSNL,Odisha,Koraput,Koraput,Pendajam,429996,18.72135707678068,82.98996095865871,lgd_master,45.0,6.396457767732272,,8.575,2.231,1.0,2.6024395225938073,,,,Weak,nearest tower 6.40 km; 45 tower(s) within radius; village Ookla 8.6 Mbps; nearest Ookla tile 2.60 km
23,Jio,Odisha,Koraput,Koraput,Pendajam,429996,18.72135707678068,82.98996095865871,lgd_master,36.0,8.03125728985741,,8.575,2.231,1.0,2.6024395225938073,,,,Weak,nearest tower 8.03 km; 36 tower(s) within radius; village Ookla 8.6 Mbps; nearest Ookla tile 2.60 km
23,Vodafone Idea,Odisha,Koraput,Koraput,Pendajam,429996,18.72135707678068,82.98996095865871,lgd_master,4.0,8.529000952037004,,8.575,2.231,1.0,2.6024395225938073,,,,Weak,nearest tower 8.53 km; 4 tower(s) within radius; village Ookla 8.6 Mbps; nearest Ookla tile 2.60 km
7,Airtel,Odisha,Koraput,Koraput,Pitei,428995,18.70775522304796,82.70682140383764,lgd_master,31.0,7.360570292943564,,17.169,10.645,1.0,3.2543072604915744,,,,Weak,nearest tower 7.36 km; 31 tower(s) within radius; village Ookla 17.2 Mbps; nearest Ookla tile 3.25 km
7,BSNL,Odisha,Koraput,Koraput,Pitei,428995,18.70775522304796,82.70682140383764,lgd_master,26.0,6.647902510395233,,17.169,10.645,1.0,3.2543072604915744,,,,Weak,nearest tower 6.65 km; 26 tower(s) within radius; village Ookla 17.2 Mbps; nearest Ookla tile 3.25 km
7,Jio,Odisha,Koraput,Koraput,Pitei,428995,18.70775522304796,82.70682140383764,lgd_master,4.0,8.728674949455137,,17.169,10.645,1.0,3.2543072604915744,,,,Weak,nearest tower 8.73 km; 4 tower(s) within radius; village Ookla 17.2 Mbps; nearest Ookla tile 3.25 km
7,Vodafone Idea,Odisha,Koraput,Koraput,Pitei,428995,18.70775522304796,82.70682140383764,lgd_master,,,,17.169,10.645,1.0,3.2543072604915744,,,,Moderate,village Ookla 17.2 Mbps; nearest Ookla tile 3.25 km
30,Airtel,Odisha,Koraput,Koraput,Puki,428978,18.7749129247012,82.58814504644769,lgd_master,149.0,4.515537461111578,,,,,,,,,Moderate,nearest tower 4.52 km; 149 tower(s) within radius
30,BSNL,Odisha,Koraput,Koraput,Puki,428978,18.7749129247012,82.58814504644769,lgd_master,76.0,6.390585141797142,,,,,,,,,Weak,nearest tower 6.39 km; 76 tower(s) within radius
30,Jio,Odisha,Koraput,Koraput,Puki,428978,18.7749129247012,82.58814504644769,lgd_master,50.0,6.155700518529807,,,,,,,,,Weak,nearest tower 6.16 km; 50 tower(s) within radius
30,Vodafone Idea,Odisha,Koraput,Koraput,Puki,428978,18.7749129247012,82.58814504644769,lgd_master,1.0,9.609962265008855,,,,,,,,,Weak,nearest tower 9.61 km; 1 tower(s) within radius
31,Airtel,Odisha,Koraput,Koraput,Putkeranga,428977,18.77129489928955,82.63301623878019,lgd_master,45.0,4.92346773637366,,25.472,8.161,1.0,2.1021879307653886,,,,Moderate,nearest tower 4.92 km; 45 tower(s) within radius; village Ookla 25.5 Mbps; nearest Ookla tile 2.10 km
31,BSNL,Odisha,Koraput,Koraput,Putkeranga,428977,18.77129489928955,82.63301623878019,lgd_master,23.0,6.5055997770130585,,25.472,8.161,1.0,2.1021879307653886,,,,Weak,nearest tower 6.51 km; 23 tower(s) within radius; village Ookla 25.5 Mbps; nearest Ookla tile 2.10 km
31,Jio,Odisha,Koraput,Koraput,Putkeranga,428977,18.77129489928955,82.63301623878019,lgd_master,4.0,9.177102697307935,,25.472,8.161,1.0,2.1021879307653886,,,,Weak,nearest tower 9.18 km; 4 tower(s) within radius; village Ookla 25.5 Mbps; nearest Ookla tile 2.10 km
31,Vodafone Idea,Odisha,Koraput,Koraput,Putkeranga,428977,18.77129489928955,82.63301623878019,lgd_master,,,,25.472,8.161,1.0,2.1021879307653886,,,,Moderate,village Ookla 25.5 Mbps; nearest Ookla tile 2.10 km
62,Airtel,Odisha,Koraput,Koraput,Putpandi,428924,18.88194234001546,82.73655524197673,lgd_master,22.0,7.864602364344885,,1.184,0.547,1.0,0.9688918077035491,,,,Weak,nearest tower 7.86 km; 22 tower(s) within radius; village Ookla 1.2 Mbps; nearest Ookla tile 0.97 km
62,BSNL,Odisha,Koraput,Koraput,Putpandi,428924,18.88194234001546,82.73655524197673,lgd_master,36.0,5.921617933205031,,1.184,0.547,1.0,0.9688918077035491,,,,Weak,nearest tower 5.92 km; 36 tower(s) within radius; village Ookla 1.2 Mbps; nearest Ookla tile 0.97 km
62,Jio,Odisha,Koraput,Koraput,Putpandi,428924,18.88194234001546,82.73655524197673,lgd_master,4.0,8.44083583686626,,1.184,0.547,1.0,0.9688918077035491,,,,Weak,nearest tower 8.44 km; 4 tower(s) within radius; village Ookla 1.2 Mbps; nearest Ookla tile 0.97 km
62,Vodafone Idea,Odisha,Koraput,Koraput,Putpandi,428924,18.88194234001546,82.73655524197673,lgd_master,,,,1.184,0.547,1.0,0.9688918077035491,,,,Unknown,village Ookla 1.2 Mbps; nearest Ookla tile 0.97 km
63,Airtel,Odisha,Koraput,Koraput,Rengaguda,428927,18.87309589369273,82.76083921597625,lgd_master,21.0,8.203959978356773,,1.184,0.547,1.0,3.0931843757031343,,,,Weak,nearest tower 8.20 km; 21 tower(s) within radius; village Ookla 1.2 Mbps; nearest Ookla tile 3.09 km
63,BSNL,Odisha,Koraput,Koraput,Rengaguda,428927,18.87309589369273,82.76083921597625,lgd_master,46.0,4.183144091718093,,1.184,0.547,1.0,3.0931843757031343,,,,Moderate,nearest tower 4.18 km; 46 tower(s) within radius; village Ookla 1.2 Mbps; nearest Ookla tile 3.09 km
63,Jio,Odisha,Koraput,Koraput,Rengaguda,428927,18.87309589369273,82.76083921597625,lgd_master,6.0,8.802722665454723,,1.184,0.547,1.0,3.0931843757031343,,,,Weak,nearest tower 8.80 km; 6 tower(s) within radius; village Ookla 1.2 Mbps; nearest Ookla tile 3.09 km
63,Vodafone Idea,Odisha,Koraput,Koraput,Rengaguda,428927,18.87309589369273,82.76083921597625,lgd_master,,,,1.184,0.547,1.0,3.0931843757031343,,,,Unknown,village Ookla 1.2 Mbps; nearest Ookla tile 3.09 km
74,Airtel,Odisha,Koraput,Koraput,Rudhiamba,428954,18.83219970431605,82.7696633934071,lgd_master,50.0,5.782884349245952,,,,,,,,,Weak,nearest tower 5.78 km; 50 tower(s) within radius
74,BSNL,Odisha,Koraput,Koraput,Rudhiamba,428954,18.83219970431605,82.7696633934071,lgd_master,53.0,1.1163686650769618,,,,,,,,,Strong,nearest tower 1.12 km; 53 tower(s) within radius
74,Jio,Odisha,Koraput,Koraput,Rudhiamba,428954,18.83219970431605,82.7696633934071,lgd_master,7.0,6.269029375002021,,,,,,,,,Weak,nearest tower 6.27 km; 7 tower(s) within radius
74,Vodafone Idea,Odisha,Koraput,Koraput,Rudhiamba,428954,18.83219970431605,82.7696633934071,lgd_master,,,,,,,,,,,Unknown,No tower or Ookla evidence available.
101,Airtel,Odisha,Koraput,Koraput,Sapsil,959290,18.79541303083103,82.7949938757653,lgd_master,63.0,4.064742431418625,,66.988,8.257,3.0,0.944732136711194,,,,Moderate,nearest tower 4.06 km; 63 tower(s) within radius; village Ookla 67.0 Mbps; nearest Ookla tile 0.94 km
101,BSNL,Odisha,Koraput,Koraput,Sapsil,959290,18.79541303083103,82.7949938757653,lgd_master,85.0,3.139180368162062,,66.988,8.257,3.0,0.944732136711194,,,,Moderate,nearest tower 3.14 km; 85 tower(s) within radius; village Ookla 67.0 Mbps; nearest Ookla tile 0.94 km
101,Jio,Odisha,Koraput,Koraput,Sapsil,959290,18.79541303083103,82.7949938757653,lgd_master,9.0,6.043700456802077,,66.988,8.257,3.0,0.944732136711194,,,,Weak,nearest tower 6.04 km; 9 tower(s) within radius; village Ookla 67.0 Mbps; nearest Ookla tile 0.94 km
101,Vodafone Idea,Odisha,Koraput,Koraput,Sapsil,959290,18.79541303083103,82.7949938757653,lgd_master,4.0,7.7553829623409705,,66.988,8.257,3.0,0.944732136711194,,,,Weak,nearest tower 7.76 km; 4 tower(s) within radius; village Ookla 67.0 Mbps; nearest Ookla tile 0.94 km
38,Airtel,Odisha,Koraput,Koraput,Semala,428980,18.73400239901795,82.64392090290139,lgd_master,3.0,9.14049590081345,,17.169,10.645,1.0,4.94709178615277,,,,Weak,nearest tower 9.14 km; 3 tower(s) within radius; village Ookla 17.2 Mbps; nearest Ookla tile 4.95 km
38,BSNL,Odisha,Koraput,Koraput,Semala,428980,18.73400239901795,82.64392090290139,lgd_master,,,,17.169,10.645,1.0,4.94709178615277,,,,Moderate,village Ookla 17.2 Mbps; nearest Ookla tile 4.95 km
38,Jio,Odisha,Koraput,Koraput,Semala,428980,18.73400239901795,82.64392090290139,lgd_master,,,,17.169,10.645,1.0,4.94709178615277,,,,Moderate,village Ookla 17.2 Mbps; nearest Ookla tile 4.95 km
38,Vodafone Idea,Odisha,Koraput,Koraput,Semala,428980,18.73400239901795,82.64392090290139,lgd_master,,,,17.169,10.645,1.0,4.94709178615277,,,,Moderate,village Ookla 17.2 Mbps; nearest Ookla tile 4.95 km
102,Airtel,Odisha,Koraput,Koraput,Sindhipar,956684,18.7626247703258,82.89517720338607,lgd_master,51.0,0.5857209706774684,,122.976,1.542,2.0,0.2279479489557019,,,,Strong,nearest tower 0.59 km; 51 tower(s) within radius; village Ookla 123.0 Mbps; nearest Ookla tile 0.23 km
102,BSNL,Odisha,Koraput,Koraput,Sindhipar,956684,18.7626247703258,82.89517720338607,lgd_master,89.0,0.5857209706774684,,122.976,1.542,2.0,0.2279479489557019,,,,Strong,nearest tower 0.59 km; 89 tower(s) within radius; village Ookla 123.0 Mbps; nearest Ookla tile 0.23 km
102,Jio,Odisha,Koraput,Koraput,Sindhipar,956684,18.7626247703258,82.89517720338607,lgd_master,46.0,0.6184472056692177,,122.976,1.542,2.0,0.2279479489557019,,,,Strong,nearest tower 0.62 km; 46 tower(s) within radius; village Ookla 123.0 Mbps; nearest Ookla tile 0.23 km
102,Vodafone Idea,Odisha,Koraput,Koraput,Sindhipar,956684,18.7626247703258,82.89517720338607,lgd_master,8.0,2.633684958443527,,122.976,1.542,2.0,0.2279479489557019,,,,Moderate,nearest tower 2.63 km; 8 tower(s) within radius; village Ookla 123.0 Mbps; nearest Ookla tile 0.23 km
8,Airtel,Odisha,Koraput,Koraput,Sirishi,428985,18.74142640711815,82.68606198871092,lgd_master,51.0,6.458497406634412,,17.169,10.645,1.0,4.857604702810933,,,,Weak,nearest tower 6.46 km; 51 tower(s) within radius; village Ookla 17.2 Mbps; nearest Ookla tile 4.86 km
8,BSNL,Odisha,Koraput,Koraput,Sirishi,428985,18.74142640711815,82.68606198871092,lgd_master,42.0,6.047829561498924,,17.169,10.645,1.0,4.857604702810933,,,,Weak,nearest tower 6.05 km; 42 tower(s) within radius; village Ookla 17.2 Mbps; nearest Ookla tile 4.86 km
8,Jio,Odisha,Koraput,Koraput,Sirishi,428985,18.74142640711815,82.68606198871092,lgd_master,7.0,7.097188830757428,,17.169,10.645,1.0,4.857604702810933,,,,Weak,nearest tower 7.10 km; 7 tower(s) within radius; village Ookla 17.2 Mbps; nearest Ookla tile 4.86 km
8,Vodafone Idea,Odisha,Koraput,Koraput,Sirishi,428985,18.74142640711815,82.68606198871092,lgd_master,,,,17.169,10.645,1.0,4.857604702810933,,,,Moderate,village Ookla 17.2 Mbps; nearest Ookla tile 4.86 km
9,Airtel,Odisha,Koraput,Koraput,Suku,428987,18.72838956689036,82.71328946348093,lgd_master,48.0,5.218169906122396,,,,,,,,,Weak,nearest tower 5.22 km; 48 tower(s) within radius
9,BSNL,Odisha,Koraput,Koraput,Suku,428987,18.72838956689036,82.71328946348093,lgd_master,52.0,4.49183132331791,,,,,,,,,Moderate,nearest tower 4.49 km; 52 tower(s) within radius
9,Jio,Odisha,Koraput,Koraput,Suku,428987,18.72838956689036,82.71328946348093,lgd_master,8.0,6.369349676457184,,,,,,,,,Weak,nearest tower 6.37 km; 8 tower(s) within radius
9,Vodafone Idea,Odisha,Koraput,Koraput,Suku,428987,18.72838956689036,82.71328946348093,lgd_master,,,,,,,,,,,Unknown,No tower or Ookla evidence available.
103,Airtel,Odisha,Koraput,Koraput,Tentuliguda,953239,18.81072587668679,82.75468772820038,lgd_master,53.0,3.4368258952709088,,178.234,15.879,2.0,3.1278656783276153,,,,Moderate,nearest tower 3.44 km; 53 tower(s) within radius; village Ookla 178.2 Mbps; nearest Ookla tile 3.13 km
103,BSNL,Odisha,Koraput,Koraput,Tentuliguda,953239,18.81072587668679,82.75468772820038,lgd_master,53.0,0.5006372148080988,,178.234,15.879,2.0,3.1278656783276153,,,,Strong,nearest tower 0.50 km; 53 tower(s) within radius; village Ookla 178.2 Mbps; nearest Ookla tile 3.13 km
103,Jio,Odisha,Koraput,Koraput,Tentuliguda,953239,18.81072587668679,82.75468772820038,lgd_master,7.0,3.4693686255232437,,178.234,15.879,2.0,3.1278656783276153,,,,Moderate,nearest tower 3.47 km; 7 tower(s) within radius; village Ookla 178.2 Mbps; nearest Ookla tile 3.13 km
103,Vodafone Idea,Odisha,Koraput,Koraput,Tentuliguda,953239,18.81072587668679,82.75468772820038,lgd_master,,,,178.234,15.879,2.0,3.1278656783276153,,,,Moderate,village Ookla 178.2 Mbps; nearest Ookla tile 3.13 km
39,Airtel,Odisha,Koraput,Koraput,Thatguda,428989,18.75869850014755,82.7124397784532,lgd_master,52.0,3.163781401798476,,162.299,6.292,31.0,2.5544929591172103,,,,Moderate,nearest tower 3.16 km; 52 tower(s) within radius; village Ookla 162.3 Mbps; nearest Ookla tile 2.55 km
39,BSNL,Odisha,Koraput,Koraput,Thatguda,428989,18.75869850014755,82.7124397784532,lgd_master,50.0,2.909613056858564,,162.299,6.292,31.0,2.5544929591172103,,,,Moderate,nearest tower 2.91 km; 50 tower(s) within radius; village Ookla 162.3 Mbps; nearest Ookla tile 2.55 km
39,Jio,Odisha,Koraput,Koraput,Thatguda,428989,18.75869850014755,82.7124397784532,lgd_master,7.0,3.7421452906493458,,162.299,6.292,31.0,2.5544929591172103,,,,Moderate,nearest tower 3.74 km; 7 tower(s) within radius; village Ookla 162.3 Mbps; nearest Ookla tile 2.55 km
39,Vodafone Idea,Odisha,Koraput,Koraput,Thatguda,428989,18.75869850014755,82.7124397784532,lgd_master,,,,162.299,6.292,31.0,2.5544929591172103,,,,Moderate,village Ookla 162.3 Mbps; nearest Ookla tile 2.55 km
64,Airtel,Odisha,Koraput,Koraput,Thatpadar,428916,18.90490221441051,82.7226695362245,lgd_master,1.0,9.696746356185034,,1.184,0.547,1.0,1.4411354332622763,,,,Weak,nearest tower 9.70 km; 1 tower(s) within radius; village Ookla 1.2 Mbps; nearest Ookla tile 1.44 km
64,BSNL,Odisha,Koraput,Koraput,Thatpadar,428916,18.90490221441051,82.7226695362245,lgd_master,4.0,7.559491202062593,,1.184,0.547,1.0,1.4411354332622763,,,,Weak,nearest tower 7.56 km; 4 tower(s) within radius; village Ookla 1.2 Mbps; nearest Ookla tile 1.44 km
64,Jio,Odisha,Koraput,Koraput,Thatpadar,428916,18.90490221441051,82.7226695362245,lgd_master,,,,1.184,0.547,1.0,1.4411354332622763,,,,Unknown,village Ookla 1.2 Mbps; nearest Ookla tile 1.44 km
64,Vodafone Idea,Odisha,Koraput,Koraput,Thatpadar,428916,18.90490221441051,82.7226695362245,lgd_master,,,,1.184,0.547,1.0,1.4411354332622763,,,,Unknown,village Ookla 1.2 Mbps; nearest Ookla tile 1.44 km
10,Airtel,Odisha,Koraput,Koraput,Tiadiput,428992,18.73318688472989,82.74910408899477,lgd_master,66.0,2.9694827619255917,,277.166,16.819,6.0,4.810056319353481,,,,Moderate,nearest tower 2.97 km; 66 tower(s) within radius; village Ookla 277.2 Mbps; nearest Ookla tile 4.81 km
10,BSNL,Odisha,Koraput,Koraput,Tiadiput,428992,18.73318688472989,82.74910408899477,lgd_master,82.0,1.3744505465820351,,277.166,16.819,6.0,4.810056319353481,,,,Strong,nearest tower 1.37 km; 82 tower(s) within radius; village Ookla 277.2 Mbps; nearest Ookla tile 4.81 km
10,Jio,Odisha,Koraput,Koraput,Tiadiput,428992,18.73318688472989,82.74910408899477,lgd_master,10.0,5.269973630138073,,277.166,16.819,6.0,4.810056319353481,,,,Weak,nearest tower 5.27 km; 10 tower(s) within radius; village Ookla 277.2 Mbps; nearest Ookla tile 4.81 km
10,Vodafone Idea,Odisha,Koraput,Koraput,Tiadiput,428992,18.73318688472989,82.74910408899477,lgd_master,4.0,8.538889385215711,,277.166,16.819,6.0,4.810056319353481,,,,Weak,nearest tower 8.54 km; 4 tower(s) within radius; village Ookla 277.2 Mbps; nearest Ookla tile 4.81 km
75,Airtel,Odisha,Koraput,Koraput,Tola,428952,18.84584566250303,82.80789697150878,lgd_master,9.0,8.866645504110831,,20.181,10.632,2.0,4.318915539984473,,,,Weak,nearest tower 8.87 km; 9 tower(s) within radius; village Ookla 20.2 Mbps; nearest Ookla tile 4.32 km
75,BSNL,Odisha,Koraput,Koraput,Tola,428952,18.84584566250303,82.80789697150878,lgd_master,24.0,0.6839979930719202,,20.181,10.632,2.0,4.318915539984473,,,,Strong,nearest tower 0.68 km; 24 tower(s) within radius; village Ookla 20.2 Mbps; nearest Ookla tile 4.32 km
75,Jio,Odisha,Koraput,Koraput,Tola,428952,18.84584566250303,82.80789697150878,lgd_master,,,,20.181,10.632,2.0,4.318915539984473,,,,Moderate,village Ookla 20.2 Mbps; nearest Ookla tile 4.32 km
75,Vodafone Idea,Odisha,Koraput,Koraput,Tola,428952,18.84584566250303,82.80789697150878,lgd_master,,,,20.181,10.632,2.0,4.318915539984473,,,,Moderate,village Ookla 20.2 Mbps; nearest Ookla tile 4.32 km
90,Airtel,Odisha,Koraput,Koraput,Umuri,428975,18.79747699972985,82.66886788444528,lgd_master,62.0,2.495877485702528,,21.693,8.18,3.0,0.23633486260617176,,,,Moderate,nearest tower 2.50 km; 62 tower(s) within radius; village Ookla 21.7 Mbps; nearest Ookla tile 0.24 km
90,BSNL,Odisha,Koraput,Koraput,Umuri,428975,18.79747699972985,82.66886788444528,lgd_master,42.0,3.3432280586427097,,21.693,8.18,3.0,0.23633486260617176,,,,Moderate,nearest tower 3.34 km; 42 tower(s) within radius; village Ookla 21.7 Mbps; nearest Ookla tile 0.24 km
90,Jio,Odisha,Koraput,Koraput,Umuri,428975,18.79747699972985,82.66886788444528,lgd_master,7.0,4.5520829064753565,,21.693,8.18,3.0,0.23633486260617176,,,,Moderate,nearest tower 4.55 km; 7 tower(s) within radius; village Ookla 21.7 Mbps; nearest Ookla tile 0.24 km
90,Vodafone Idea,Odisha,Koraput,Koraput,Umuri,428975,18.79747699972985,82.66886788444528,lgd_master,,,,21.693,8.18,3.0,0.23633486260617176,,,,Moderate,village Ookla 21.7 Mbps; nearest Ookla tile 0.24 km
